{"type": "FeatureCollection","features": [{"type": "Feature", "geometry": {"type":"Point","coordinates":[131.2801328,-0.8877837]}, "properties": {"osm_id": 8592393638, "osm_type": "nodes", "operator": null, "operator_type": "government", "staff_count_nurses": null, "health_facility_level": null, "medical_system_western": null, "name": "SMA Negeri 3 Sorong", "toilets_disposal": null, "health_facility_type": null, "isced_level": null, "opening_hours": null, "military": null, "toilets_handwashing": null, "building": null, "status": null, "access": null, "landuse": null, "denomination": null, "health_facility_bed": null, "capacity": null, "staff_count_doctors": null, "religion": null, "amenity": "school"}},{"type": "Feature", "geometry": {"type":"Point","coordinates":[131.3168094,-0.8892748]}, "properties": {"osm_id": 8592393978, "osm_type": "nodes", "operator": null, "operator_type": "government", "staff_count_nurses": null, "health_facility_level": null, "medical_system_western": null, "name": "SMA Negeri 2 Sorong", "toilets_disposal": null, "health_facility_type": null, "isced_level": null, "opening_hours": null, "military": null, "toilets_handwashing": null, "building": null, "status": null, "access": null, "landuse": null, "denomination": null, "health_facility_bed": null, "capacity": null, "staff_count_doctors": null, "religion": null, "amenity": "school"}},{"type": "Feature", "geometry": {"type":"Point","coordinates":[131.2485498,-0.8724701]}, "properties": {"osm_id": 5502706655, "osm_type": "nodes", "operator": null, "operator_type": null, "staff_count_nurses": null, "health_facility_level": null, "medical_system_western": null, "name": "SMP NegerI 1", "toilets_disposal": null, "health_facility_type": null, "isced_level": null, "opening_hours": null, "military": null, "toilets_handwashing": null, "building": null, "status": null, "access": null, "landuse": null, "denomination": null, "health_facility_bed": null, "capacity": null, "staff_count_doctors": null, "religion": null, "amenity": "school"}},{"type": "Feature", "geometry": {"type":"Point","coordinates":[131.2459682,-0.8735482]}, "properties": {"osm_id": 5502706656, "osm_type": "nodes", "operator": null, "operator_type": null, "staff_count_nurses": null, "health_facility_level": null, "medical_system_western": null, "name": "SMK Negeri 2", "toilets_disposal": null, "health_facility_type": null, "isced_level": null, "opening_hours": null, "military": null, "toilets_handwashing": null, "building": null, "status": null, "access": null, "landuse": null, "denomination": null, "health_facility_bed": null, "capacity": null, "staff_count_doctors": null, "religion": null, "amenity": "school"}},{"type": "Feature", "geometry": {"type":"Point","coordinates":[131.2351334,-0.8886674]}, "properties": {"osm_id": 8592391251, "osm_type": "nodes", "operator": null, "operator_type": "government", "staff_count_nurses": null, "health_facility_level": null, "medical_system_western": null, "name": "SMA Negeri 4 Sorong", "toilets_disposal": null, "health_facility_type": null, "isced_level": null, "opening_hours": null, "military": null, "toilets_handwashing": null, "building": null, "status": null, "access": null, "landuse": null, "denomination": null, "health_facility_bed": null, "capacity": null, "staff_count_doctors": null, "religion": null, "amenity": "school"}},{"type": "Feature", "geometry": {"type":"Point","coordinates":[131.3254568,-0.8795718]}, "properties": {"osm_id": 9105251146, "osm_type": "nodes", "operator": null, "operator_type": null, "staff_count_nurses": null, "health_facility_level": null, "medical_system_western": null, "name": "SMA OIKOUMENE", "toilets_disposal": null, "health_facility_type": null, "isced_level": "3", "opening_hours": null, "military": null, "toilets_handwashing": null, "building": null, "status": null, "access": null, "landuse": null, "denomination": null, "health_facility_bed": null, "capacity": null, "staff_count_doctors": null, "religion": null, "amenity": "school"}},{"type": "Feature", "geometry": {"type":"Point","coordinates":[131.3200119,-0.9565493]}, "properties": {"osm_id": 8569177259, "osm_type": "nodes", "operator": null, "operator_type": "government", "staff_count_nurses": null, "health_facility_level": null, "medical_system_western": null, "name": "SMA Negeri 2 Kabupaten Sorong", "toilets_disposal": null, "health_facility_type": null, "isced_level": null, "opening_hours": null, "military": null, "toilets_handwashing": null, "building": null, "status": null, "access": null, "landuse": null, "denomination": null, "health_facility_bed": null, "capacity": null, "staff_count_doctors": null, "religion": null, "amenity": "school"}},{"type": "Feature", "geometry": {"type":"Point","coordinates":[131.2489118,-0.8562427]}, "properties": {"osm_id": 12202326924, "osm_type": "nodes", "operator": null, "operator_type": null, "staff_count_nurses": null, "health_facility_level": null, "medical_system_western": null, "name": null, "toilets_disposal": null, "health_facility_type": null, "isced_level": null, "opening_hours": null, "military": null, "toilets_handwashing": null, "building": null, "status": null, "access": null, "landuse": null, "denomination": "catholic", "health_facility_bed": null, "capacity": null, "staff_count_doctors": null, "religion": "christian", "amenity": "place_of_worship"}},{"type": "Feature", "geometry": {"type":"Point","coordinates":[131.24808,-0.8564908]}, "properties": {"osm_id": 12202337402, "osm_type": "nodes", "operator": null, "operator_type": null, "staff_count_nurses": null, "health_facility_level": null, "medical_system_western": null, "name": null, "toilets_disposal": null, "health_facility_type": null, "isced_level": null, "opening_hours": null, "military": null, "toilets_handwashing": null, "building": null, "status": null, "access": null, "landuse": null, "denomination": "catholic", "health_facility_bed": null, "capacity": null, "staff_count_doctors": null, "religion": "christian", "amenity": "place_of_worship"}},{"type": "Feature", "geometry": {"type":"Point","coordinates":[131.3166878,-0.8805694]}, "properties": {"osm_id": 12189770624, "osm_type": "nodes", "operator": null, "operator_type": null, "staff_count_nurses": null, "health_facility_level": null, "medical_system_western": null, "name": null, "toilets_disposal": null, "health_facility_type": null, "isced_level": null, "opening_hours": null, "military": null, "toilets_handwashing": null, "building": "mosque", "status": null, "access": null, "landuse": null, "denomination": null, "health_facility_bed": null, "capacity": null, "staff_count_doctors": null, "religion": "muslim", "amenity": "place_of_worship"}},{"type": "Feature", "geometry": {"type":"Point","coordinates":[131.3096978,-0.8790549]}, "properties": {"osm_id": 12189710076, "osm_type": "nodes", "operator": null, "operator_type": null, "staff_count_nurses": null, "health_facility_level": null, "medical_system_western": null, "name": null, "toilets_disposal": null, "health_facility_type": null, "isced_level": null, "opening_hours": null, "military": null, "toilets_handwashing": null, "building": "mosque", "status": null, "access": null, "landuse": null, "denomination": null, "health_facility_bed": null, "capacity": null, "staff_count_doctors": null, "religion": "muslim", "amenity": "place_of_worship"}},{"type": "Feature", "geometry": {"type":"Point","coordinates":[131.2850082,-0.8835465]}, "properties": {"osm_id": 12027923596, "osm_type": "nodes", "operator": null, "operator_type": null, "staff_count_nurses": null, "health_facility_level": null, "medical_system_western": null, "name": "Polresta Sorong kota", "toilets_disposal": null, "health_facility_type": null, "isced_level": null, "opening_hours": null, "military": null, "toilets_handwashing": null, "building": null, "status": null, "access": null, "landuse": null, "denomination": null, "health_facility_bed": null, "capacity": null, "staff_count_doctors": null, "religion": null, "amenity": "police"}},{"type": "Feature", "geometry": {"type":"Point","coordinates":[131.2872602,-0.879659]}, "properties": {"osm_id": 12027923597, "osm_type": "nodes", "operator": null, "operator_type": null, "staff_count_nurses": null, "health_facility_level": null, "medical_system_western": null, "name": "Sat Lantas", "toilets_disposal": null, "health_facility_type": null, "isced_level": null, "opening_hours": null, "military": null, "toilets_handwashing": null, "building": null, "status": null, "access": null, "landuse": null, "denomination": null, "health_facility_bed": null, "capacity": null, "staff_count_doctors": null, "religion": null, "amenity": "police"}},{"type": "Feature", "geometry": {"type":"Point","coordinates":[131.2559493,-0.8758835]}, "properties": {"osm_id": 12027923598, "osm_type": "nodes", "operator": null, "operator_type": null, "staff_count_nurses": null, "health_facility_level": null, "medical_system_western": null, "name": "Polsek Sorong Kota", "toilets_disposal": null, "health_facility_type": null, "isced_level": null, "opening_hours": null, "military": null, "toilets_handwashing": null, "building": null, "status": null, "access": null, "landuse": null, "denomination": null, "health_facility_bed": null, "capacity": null, "staff_count_doctors": null, "religion": null, "amenity": "police"}},{"type": "Feature", "geometry": {"type":"Point","coordinates":[131.2525825,-0.8705331]}, "properties": {"osm_id": 12027923600, "osm_type": "nodes", "operator": null, "operator_type": null, "staff_count_nurses": null, "health_facility_level": null, "medical_system_western": null, "name": "Polsek Sorong Barat", "toilets_disposal": null, "health_facility_type": null, "isced_level": null, "opening_hours": null, "military": null, "toilets_handwashing": null, "building": null, "status": null, "access": null, "landuse": null, "denomination": null, "health_facility_bed": null, "capacity": null, "staff_count_doctors": null, "religion": null, "amenity": "police"}},{"type": "Feature", "geometry": {"type":"Point","coordinates":[131.2904985,-0.8883577]}, "properties": {"osm_id": 12027923602, "osm_type": "nodes", "operator": null, "operator_type": null, "staff_count_nurses": null, "health_facility_level": null, "medical_system_western": null, "name": "Polsek Kawasan Bandara Deo", "toilets_disposal": null, "health_facility_type": null, "isced_level": null, "opening_hours": null, "military": null, "toilets_handwashing": null, "building": null, "status": null, "access": null, "landuse": null, "denomination": null, "health_facility_bed": null, "capacity": null, "staff_count_doctors": null, "religion": null, "amenity": "police"}},{"type": "Feature", "geometry": {"type":"Point","coordinates":[131.3224894,-0.9016176]}, "properties": {"osm_id": 12027923603, "osm_type": "nodes", "operator": null, "operator_type": null, "staff_count_nurses": null, "health_facility_level": null, "medical_system_western": null, "name": "Polsek Sorong Timur", "toilets_disposal": null, "health_facility_type": null, "isced_level": null, "opening_hours": null, "military": null, "toilets_handwashing": null, "building": null, "status": null, "access": null, "landuse": null, "denomination": null, "health_facility_bed": null, "capacity": null, "staff_count_doctors": null, "religion": null, "amenity": "police"}},{"type": "Feature", "geometry": {"type":"Point","coordinates":[131.3173276,-0.8767478]}, "properties": {"osm_id": 12189772719, "osm_type": "nodes", "operator": null, "operator_type": null, "staff_count_nurses": null, "health_facility_level": null, "medical_system_western": null, "name": null, "toilets_disposal": null, "health_facility_type": null, "isced_level": null, "opening_hours": null, "military": null, "toilets_handwashing": null, "building": "church", "status": null, "access": null, "landuse": null, "denomination": "catholic", "health_facility_bed": null, "capacity": null, "staff_count_doctors": null, "religion": "christian", "amenity": "place_of_worship"}},{"type": "Feature", "geometry": {"type":"Point","coordinates":[131.2483513,-0.8769864]}, "properties": {"osm_id": 5478741682, "osm_type": "nodes", "operator": null, "operator_type": null, "staff_count_nurses": null, "health_facility_level": null, "medical_system_western": null, "name": "Polsek Kawasan Pelabuhan Laut Sorong", "toilets_disposal": null, "health_facility_type": null, "isced_level": null, "opening_hours": null, "military": null, "toilets_handwashing": null, "building": null, "status": null, "access": null, "landuse": null, "denomination": null, "health_facility_bed": null, "capacity": null, "staff_count_doctors": null, "religion": null, "amenity": "police"}},{"type": "Feature", "geometry": {"type":"Point","coordinates":[131.242679,-0.8763764]}, "properties": {"osm_id": 12027923599, "osm_type": "nodes", "operator": null, "operator_type": null, "staff_count_nurses": null, "health_facility_level": null, "medical_system_western": null, "name": "Sat Polairud", "toilets_disposal": null, "health_facility_type": null, "isced_level": null, "opening_hours": null, "military": null, "toilets_handwashing": null, "building": null, "status": null, "access": null, "landuse": null, "denomination": null, "health_facility_bed": null, "capacity": null, "staff_count_doctors": null, "religion": null, "amenity": "police"}},{"type": "Feature", "geometry": {"type":"Point","coordinates":[131.2360073,-0.8889135]}, "properties": {"osm_id": 12027923601, "osm_type": "nodes", "operator": null, "operator_type": null, "staff_count_nurses": null, "health_facility_level": null, "medical_system_western": null, "name": "Polsek Sorong Kepulauan", "toilets_disposal": null, "health_facility_type": null, "isced_level": null, "opening_hours": null, "military": null, "toilets_handwashing": null, "building": null, "status": null, "access": null, "landuse": null, "denomination": null, "health_facility_bed": null, "capacity": null, "staff_count_doctors": null, "religion": null, "amenity": "police"}},{"type": "Feature", "geometry": {"type":"Polygon","coordinates":[[[131.3014108,-0.8911951],[131.3015161,-0.8912318],[131.3015563,-0.8911165],[131.301451,-0.8910797],[131.3014108,-0.8911951]]]}, "properties": {"osm_id": 507610086, "osm_type": "ways_poly", "operator": null, "operator_type": null, "staff_count_nurses": null, "health_facility_level": null, "medical_system_western": null, "name": "Babuh Jannah", "toilets_disposal": null, "health_facility_type": null, "isced_level": null, "opening_hours": null, "military": null, "toilets_handwashing": null, "building": "yes", "status": null, "access": null, "landuse": null, "denomination": null, "health_facility_bed": null, "capacity": null, "staff_count_doctors": null, "religion": "muslim", "amenity": "place_of_worship"}},{"type": "Feature", "geometry": {"type":"Polygon","coordinates":[[[131.3296151,-0.8780076],[131.3296184,-0.8781371],[131.3297243,-0.8781344],[131.3297211,-0.878005],[131.3296151,-0.8780076]]]}, "properties": {"osm_id": 529875071, "osm_type": "ways_poly", "operator": null, "operator_type": null, "staff_count_nurses": null, "health_facility_level": null, "medical_system_western": null, "name": "Gereja GKI/ PAUD Pengharapan Kabanolo", "toilets_disposal": null, "health_facility_type": null, "isced_level": null, "opening_hours": null, "military": null, "toilets_handwashing": null, "building": "yes", "status": null, "access": null, "landuse": null, "denomination": null, "health_facility_bed": null, "capacity": null, "staff_count_doctors": null, "religion": "christian", "amenity": "place_of_worship"}},{"type": "Feature", "geometry": {"type":"Polygon","coordinates":[[[131.3262199,-0.8800035],[131.3263459,-0.8802],[131.3264581,-0.8801281],[131.326332,-0.8799316],[131.3262199,-0.8800035]]]}, "properties": {"osm_id": 509725459, "osm_type": "ways_poly", "operator": null, "operator_type": null, "staff_count_nurses": null, "health_facility_level": null, "medical_system_western": null, "name": "Gereja GMI Agave/ PAUD Intan Permata", "toilets_disposal": null, "health_facility_type": null, "isced_level": null, "opening_hours": null, "military": null, "toilets_handwashing": null, "building": "yes", "status": null, "access": null, "landuse": null, "denomination": null, "health_facility_bed": null, "capacity": null, "staff_count_doctors": null, "religion": "christian", "amenity": "place_of_worship"}},{"type": "Feature", "geometry": {"type":"Polygon","coordinates":[[[131.3135546,-0.8891422],[131.3136954,-0.8892159],[131.3137443,-0.8891226],[131.3136034,-0.8890489],[131.3135546,-0.8891422]]]}, "properties": {"osm_id": 510344345, "osm_type": "ways_poly", "operator": null, "operator_type": null, "staff_count_nurses": null, "health_facility_level": null, "medical_system_western": null, "name": null, "toilets_disposal": null, "health_facility_type": null, "isced_level": null, "opening_hours": null, "military": null, "toilets_handwashing": null, "building": "mosque", "status": null, "access": null, "landuse": null, "denomination": null, "health_facility_bed": null, "capacity": null, "staff_count_doctors": null, "religion": "muslim", "amenity": "place_of_worship"}},{"type": "Feature", "geometry": {"type":"Polygon","coordinates":[[[131.3225392,-0.8816187],[131.3225397,-0.8817331],[131.3226873,-0.8817325],[131.3226867,-0.881618],[131.3225392,-0.8816187]]]}, "properties": {"osm_id": 510330111, "osm_type": "ways_poly", "operator": null, "operator_type": null, "staff_count_nurses": null, "health_facility_level": null, "medical_system_western": null, "name": "Masjid Miftahul Jannah", "toilets_disposal": null, "health_facility_type": null, "isced_level": null, "opening_hours": null, "military": null, "toilets_handwashing": null, "building": "yes", "status": null, "access": null, "landuse": null, "denomination": null, "health_facility_bed": null, "capacity": null, "staff_count_doctors": null, "religion": "muslim", "amenity": "place_of_worship"}},{"type": "Feature", "geometry": {"type":"Polygon","coordinates":[[[131.3478841,-0.897936],[131.3479699,-0.897936],[131.3479699,-0.8978904],[131.3478841,-0.8978904],[131.3478841,-0.897936]]]}, "properties": {"osm_id": 506454061, "osm_type": "ways_poly", "operator": null, "operator_type": null, "staff_count_nurses": null, "health_facility_level": null, "medical_system_western": null, "name": null, "toilets_disposal": null, "health_facility_type": null, "isced_level": null, "opening_hours": null, "military": null, "toilets_handwashing": null, "building": "yes", "status": null, "access": null, "landuse": null, "denomination": null, "health_facility_bed": null, "capacity": null, "staff_count_doctors": null, "religion": "muslim", "amenity": "place_of_worship"}},{"type": "Feature", "geometry": {"type":"Polygon","coordinates":[[[131.3183845,-0.886784],[131.3184167,-0.8868337],[131.3184786,-0.8867935],[131.3184464,-0.8867439],[131.3183845,-0.886784]]]}, "properties": {"osm_id": 509596579, "osm_type": "ways_poly", "operator": null, "operator_type": null, "staff_count_nurses": null, "health_facility_level": null, "medical_system_western": null, "name": null, "toilets_disposal": null, "health_facility_type": null, "isced_level": null, "opening_hours": null, "military": null, "toilets_handwashing": null, "building": "yes", "status": null, "access": null, "landuse": null, "denomination": null, "health_facility_bed": null, "capacity": null, "staff_count_doctors": null, "religion": null, "amenity": "clinic"}},{"type": "Feature", "geometry": {"type":"Polygon","coordinates":[[[131.3046348,-0.887954],[131.3047166,-0.8881391],[131.3048723,-0.8880703],[131.3047905,-0.8878852],[131.3046348,-0.887954]]]}, "properties": {"osm_id": 509574109, "osm_type": "ways_poly", "operator": null, "operator_type": null, "staff_count_nurses": null, "health_facility_level": null, "medical_system_western": null, "name": "Pantaikosita GDBI", "toilets_disposal": null, "health_facility_type": null, "isced_level": null, "opening_hours": null, "military": null, "toilets_handwashing": null, "building": "yes", "status": null, "access": null, "landuse": null, "denomination": null, "health_facility_bed": null, "capacity": "300", "staff_count_doctors": null, "religion": "christian", "amenity": "place_of_worship"}},{"type": "Feature", "geometry": {"type":"Polygon","coordinates":[[[131.3111331,-0.8872774],[131.3113056,-0.8873101],[131.3113176,-0.8872465],[131.3113401,-0.8872507],[131.3113529,-0.8871831],[131.3113306,-0.8871789],[131.3113405,-0.8871264],[131.3111931,-0.8870985],[131.3111679,-0.8870937],[131.3111331,-0.8872774]]]}, "properties": {"osm_id": 509189749, "osm_type": "ways_poly", "operator": null, "operator_type": null, "staff_count_nurses": null, "health_facility_level": null, "medical_system_western": null, "name": "Masjid Al Ma'arif", "toilets_disposal": null, "health_facility_type": null, "isced_level": null, "opening_hours": null, "military": null, "toilets_handwashing": null, "building": "yes", "status": null, "access": null, "landuse": null, "denomination": null, "health_facility_bed": null, "capacity": null, "staff_count_doctors": null, "religion": "muslim", "amenity": "place_of_worship"}},{"type": "Feature", "geometry": {"type":"Polygon","coordinates":[[[131.3448116,-0.8894559],[131.3448616,-0.889522],[131.3449823,-0.8894309],[131.3449323,-0.8893647],[131.3448116,-0.8894559]]]}, "properties": {"osm_id": 506502491, "osm_type": "ways_poly", "operator": null, "operator_type": null, "staff_count_nurses": null, "health_facility_level": null, "medical_system_western": null, "name": "Puskesmas Pembantu Kelurahan Giwu", "toilets_disposal": null, "health_facility_type": null, "isced_level": null, "opening_hours": null, "military": null, "toilets_handwashing": null, "building": "yes", "status": null, "access": null, "landuse": null, "denomination": null, "health_facility_bed": null, "capacity": null, "staff_count_doctors": null, "religion": null, "amenity": "clinic"}},{"type": "Feature", "geometry": {"type":"Polygon","coordinates":[[[131.2778262,-0.8892672],[131.2779404,-0.8893111],[131.2780033,-0.8891478],[131.2779598,-0.8891311],[131.2778891,-0.8891038],[131.2778262,-0.8892672]]]}, "properties": {"osm_id": 508023150, "osm_type": "ways_poly", "operator": null, "operator_type": null, "staff_count_nurses": null, "health_facility_level": null, "medical_system_western": null, "name": "Masjid Kejaksaan", "toilets_disposal": null, "health_facility_type": null, "isced_level": null, "opening_hours": null, "military": null, "toilets_handwashing": null, "building": "yes", "status": null, "access": null, "landuse": null, "denomination": null, "health_facility_bed": null, "capacity": null, "staff_count_doctors": null, "religion": "muslim", "amenity": "place_of_worship"}},{"type": "Feature", "geometry": {"type":"Polygon","coordinates":[[[131.3475931,-0.8960305],[131.3476066,-0.8961239],[131.3477729,-0.8960998],[131.3477594,-0.8960064],[131.3475931,-0.8960305]]]}, "properties": {"osm_id": 506454042, "osm_type": "ways_poly", "operator": null, "operator_type": null, "staff_count_nurses": null, "health_facility_level": null, "medical_system_western": null, "name": "Gereja GBI Betel", "toilets_disposal": null, "health_facility_type": null, "isced_level": null, "opening_hours": null, "military": null, "toilets_handwashing": null, "building": "yes", "status": null, "access": null, "landuse": null, "denomination": null, "health_facility_bed": null, "capacity": null, "staff_count_doctors": null, "religion": "christian", "amenity": "place_of_worship"}},{"type": "Feature", "geometry": {"type":"Polygon","coordinates":[[[131.2539625,-0.8459273],[131.2539773,-0.8462209],[131.2540832,-0.8462156],[131.2540684,-0.8459219],[131.2539625,-0.8459273]]]}, "properties": {"osm_id": 506867966, "osm_type": "ways_poly", "operator": null, "operator_type": null, "staff_count_nurses": null, "health_facility_level": null, "medical_system_western": null, "name": "SMP/SMA PGRI Kota Sorong", "toilets_disposal": null, "health_facility_type": null, "isced_level": null, "opening_hours": null, "military": null, "toilets_handwashing": null, "building": "yes", "status": null, "access": null, "landuse": null, "denomination": null, "health_facility_bed": null, "capacity": null, "staff_count_doctors": null, "religion": null, "amenity": "school"}},{"type": "Feature", "geometry": {"type":"Polygon","coordinates":[[[131.2539873,-0.8462592],[131.253988,-0.8464904],[131.2540802,-0.8464901],[131.2540794,-0.8462589],[131.2539873,-0.8462592]]]}, "properties": {"osm_id": 506867967, "osm_type": "ways_poly", "operator": null, "operator_type": null, "staff_count_nurses": null, "health_facility_level": null, "medical_system_western": null, "name": "SMP/SMA PGRI Kota Sorong", "toilets_disposal": null, "health_facility_type": null, "isced_level": null, "opening_hours": null, "military": null, "toilets_handwashing": null, "building": "yes", "status": null, "access": null, "landuse": null, "denomination": null, "health_facility_bed": null, "capacity": null, "staff_count_doctors": null, "religion": null, "amenity": "school"}},{"type": "Feature", "geometry": {"type":"Polygon","coordinates":[[[131.2537935,-0.8466822],[131.2539021,-0.8466826],[131.2539034,-0.846283],[131.2537949,-0.8462826],[131.2537935,-0.8466822]]]}, "properties": {"osm_id": 506867968, "osm_type": "ways_poly", "operator": null, "operator_type": null, "staff_count_nurses": null, "health_facility_level": null, "medical_system_western": null, "name": "SMP/SMA PGRI Kota Sorong", "toilets_disposal": null, "health_facility_type": null, "isced_level": null, "opening_hours": null, "military": null, "toilets_handwashing": null, "building": "yes", "status": null, "access": null, "landuse": null, "denomination": null, "health_facility_bed": null, "capacity": null, "staff_count_doctors": null, "religion": null, "amenity": "school"}},{"type": "Feature", "geometry": {"type":"Polygon","coordinates":[[[131.2474585,-0.849796],[131.2476226,-0.8500579],[131.2478251,-0.8499309],[131.247661,-0.8496692],[131.2474585,-0.849796]]]}, "properties": {"osm_id": 506868639, "osm_type": "ways_poly", "operator": null, "operator_type": null, "staff_count_nurses": null, "health_facility_level": null, "medical_system_western": null, "name": "Gereja Tiberias", "toilets_disposal": null, "health_facility_type": null, "isced_level": null, "opening_hours": null, "military": null, "toilets_handwashing": null, "building": "yes", "status": null, "access": null, "landuse": null, "denomination": null, "health_facility_bed": null, "capacity": null, "staff_count_doctors": null, "religion": "christian", "amenity": "place_of_worship"}},{"type": "Feature", "geometry": {"type":"Polygon","coordinates":[[[131.2174935,-0.8398255],[131.2175636,-0.8398688],[131.2175917,-0.8398232],[131.2175216,-0.8397799],[131.2174935,-0.8398255]]]}, "properties": {"osm_id": 506514990, "osm_type": "ways_poly", "operator": null, "operator_type": null, "staff_count_nurses": null, "health_facility_level": null, "medical_system_western": null, "name": "Kantor Polisi", "toilets_disposal": null, "health_facility_type": null, "isced_level": null, "opening_hours": null, "military": null, "toilets_handwashing": null, "building": "yes", "status": null, "access": null, "landuse": null, "denomination": null, "health_facility_bed": null, "capacity": null, "staff_count_doctors": null, "religion": null, "amenity": "police"}},{"type": "Feature", "geometry": {"type":"Polygon","coordinates":[[[131.2459154,-0.8539384],[131.2459252,-0.8540144],[131.2460468,-0.8539987],[131.246037,-0.8539227],[131.2459154,-0.8539384]]]}, "properties": {"osm_id": 506866656, "osm_type": "ways_poly", "operator": null, "operator_type": null, "staff_count_nurses": null, "health_facility_level": null, "medical_system_western": null, "name": "Masjid Jabal Nur", "toilets_disposal": null, "health_facility_type": null, "isced_level": null, "opening_hours": null, "military": null, "toilets_handwashing": null, "building": "yes", "status": null, "access": null, "landuse": null, "denomination": null, "health_facility_bed": null, "capacity": null, "staff_count_doctors": null, "religion": "muslim", "amenity": "place_of_worship"}},{"type": "Feature", "geometry": {"type":"Polygon","coordinates":[[[131.2460232,-0.8546797],[131.2461031,-0.8546893],[131.2461124,-0.8546115],[131.2460326,-0.8546019],[131.2460232,-0.8546797]]]}, "properties": {"osm_id": 506866635, "osm_type": "ways_poly", "operator": null, "operator_type": null, "staff_count_nurses": null, "health_facility_level": null, "medical_system_western": null, "name": "Gereja Ararat", "toilets_disposal": null, "health_facility_type": null, "isced_level": null, "opening_hours": null, "military": null, "toilets_handwashing": null, "building": "yes", "status": null, "access": null, "landuse": null, "denomination": null, "health_facility_bed": null, "capacity": null, "staff_count_doctors": null, "religion": "christian", "amenity": "place_of_worship"}},{"type": "Feature", "geometry": {"type":"Polygon","coordinates":[[[131.2469713,-0.8624197],[131.2470122,-0.8624995],[131.2471203,-0.8624441],[131.2470794,-0.8623643],[131.2469713,-0.8624197]]]}, "properties": {"osm_id": 507706007, "osm_type": "ways_poly", "operator": null, "operator_type": null, "staff_count_nurses": null, "health_facility_level": null, "medical_system_western": null, "name": "Gereja GBI", "toilets_disposal": null, "health_facility_type": null, "isced_level": null, "opening_hours": null, "military": null, "toilets_handwashing": null, "building": "yes", "status": null, "access": null, "landuse": null, "denomination": null, "health_facility_bed": null, "capacity": null, "staff_count_doctors": null, "religion": "christian", "amenity": "place_of_worship"}},{"type": "Feature", "geometry": {"type":"Polygon","coordinates":[[[131.2537679,-0.8654487],[131.2537769,-0.865729],[131.2538994,-0.8656901],[131.2546576,-0.8656884],[131.2550574,-0.8657378],[131.2553394,-0.8651524],[131.2545868,-0.8649648],[131.2544516,-0.8647633],[131.2544104,-0.8647404],[131.2537762,-0.8647237],[131.2537679,-0.8654487]]]}, "properties": {"osm_id": 1250366560, "osm_type": "ways_poly", "operator": null, "operator_type": "government", "staff_count_nurses": null, "health_facility_level": null, "medical_system_western": null, "name": "SMA Negeri 1 Sorong", "toilets_disposal": null, "health_facility_type": null, "isced_level": "3", "opening_hours": null, "military": null, "toilets_handwashing": null, "building": null, "status": null, "access": null, "landuse": "education", "denomination": null, "health_facility_bed": null, "capacity": null, "staff_count_doctors": null, "religion": null, "amenity": "school"}},{"type": "Feature", "geometry": {"type":"Polygon","coordinates":[[[131.2573782,-0.883185],[131.2588778,-0.8838511],[131.2589245,-0.8837468],[131.2576934,-0.8832029],[131.258071,-0.8825596],[131.2581261,-0.8825963],[131.2588629,-0.8813],[131.2589833,-0.8811913],[131.2593155,-0.8815063],[131.2598584,-0.8818373],[131.2605015,-0.8807038],[131.2597602,-0.8802805],[131.2597184,-0.8802566],[131.2602261,-0.8793809],[131.2599923,-0.8792412],[131.2603115,-0.8787073],[131.2600198,-0.8785357],[131.2595303,-0.8782477],[131.2590602,-0.8780044],[131.2586664,-0.878632],[131.2590115,-0.8789506],[131.2586694,-0.8795379],[131.2589073,-0.8802022],[131.2586592,-0.880618],[131.2587757,-0.8807717],[131.258823,-0.881008],[131.2579587,-0.8824847],[131.2580129,-0.8825227],[131.2576385,-0.8831801],[131.2574322,-0.883093],[131.2573782,-0.883185]]]}, "properties": {"osm_id": 569738957, "osm_type": "ways_poly", "operator": null, "operator_type": null, "staff_count_nurses": null, "health_facility_level": null, "medical_system_western": null, "name": "Navy", "toilets_disposal": null, "health_facility_type": null, "isced_level": null, "opening_hours": null, "military": "naval_base", "toilets_handwashing": null, "building": null, "status": null, "access": null, "landuse": "military", "denomination": null, "health_facility_bed": null, "capacity": null, "staff_count_doctors": null, "religion": null, "amenity": null}},{"type": "Feature", "geometry": {"type":"Polygon","coordinates":[[[131.2858867,-0.8895613],[131.2859288,-0.8895889],[131.2859353,-0.889579],[131.2859676,-0.8896003],[131.2860501,-0.8894751],[131.286041,-0.8894691],[131.2860602,-0.88944],[131.2859803,-0.8893873],[131.2859567,-0.889423],[131.2859719,-0.889433],[131.2859442,-0.8894751],[131.2859323,-0.8894672],[131.2859056,-0.8895078],[131.285915,-0.8895183],[131.2858867,-0.8895613]]]}, "properties": {"osm_id": 508024057, "osm_type": "ways_poly", "operator": null, "operator_type": null, "staff_count_nurses": null, "health_facility_level": null, "medical_system_western": null, "name": "Koramil", "toilets_disposal": null, "health_facility_type": null, "isced_level": null, "opening_hours": null, "military": "range", "toilets_handwashing": null, "building": "yes", "status": null, "access": null, "landuse": "military", "denomination": null, "health_facility_bed": null, "capacity": null, "staff_count_doctors": null, "religion": null, "amenity": null}},{"type": "Feature", "geometry": {"type":"Polygon","coordinates":[[[131.2730129,-0.8114377],[131.2730149,-0.8115632],[131.2731007,-0.8115618],[131.2730988,-0.8114363],[131.2730129,-0.8114377]]]}, "properties": {"osm_id": 530168231, "osm_type": "ways_poly", "operator": null, "operator_type": null, "staff_count_nurses": null, "health_facility_level": null, "medical_system_western": null, "name": "Pustu", "toilets_disposal": null, "health_facility_type": null, "isced_level": null, "opening_hours": null, "military": null, "toilets_handwashing": null, "building": "yes", "status": null, "access": null, "landuse": null, "denomination": null, "health_facility_bed": null, "capacity": null, "staff_count_doctors": null, "religion": null, "amenity": "clinic"}},{"type": "Feature", "geometry": {"type":"Polygon","coordinates":[[[131.25362,-0.8685175],[131.253878,-0.8686498],[131.2539853,-0.8684406],[131.2537273,-0.8683083],[131.25362,-0.8685175]]]}, "properties": {"osm_id": 507799465, "osm_type": "ways_poly", "operator": null, "operator_type": null, "staff_count_nurses": null, "health_facility_level": null, "medical_system_western": null, "name": "Masjid Al Falah", "toilets_disposal": null, "health_facility_type": null, "isced_level": null, "opening_hours": null, "military": null, "toilets_handwashing": null, "building": "yes", "status": null, "access": null, "landuse": null, "denomination": null, "health_facility_bed": null, "capacity": null, "staff_count_doctors": null, "religion": "muslim", "amenity": "place_of_worship"}},{"type": "Feature", "geometry": {"type":"Polygon","coordinates":[[[131.2660338,-0.8131273],[131.2660378,-0.8132319],[131.2661015,-0.8132294],[131.2660975,-0.8131248],[131.2660338,-0.8131273]]]}, "properties": {"osm_id": 507844151, "osm_type": "ways_poly", "operator": null, "operator_type": null, "staff_count_nurses": null, "health_facility_level": null, "medical_system_western": null, "name": "GKI Paulus", "toilets_disposal": null, "health_facility_type": null, "isced_level": null, "opening_hours": null, "military": null, "toilets_handwashing": null, "building": "yes", "status": null, "access": null, "landuse": null, "denomination": null, "health_facility_bed": null, "capacity": null, "staff_count_doctors": null, "religion": "muslim", "amenity": "place_of_worship"}},{"type": "Feature", "geometry": {"type":"Polygon","coordinates":[[[131.2610717,-0.8144347],[131.261116,-0.8145112],[131.2611793,-0.8144745],[131.261135,-0.8143981],[131.2610717,-0.8144347]]]}, "properties": {"osm_id": 507695461, "osm_type": "ways_poly", "operator": null, "operator_type": null, "staff_count_nurses": null, "health_facility_level": null, "medical_system_western": null, "name": "GPDI", "toilets_disposal": null, "health_facility_type": null, "isced_level": null, "opening_hours": null, "military": null, "toilets_handwashing": null, "building": "yes", "status": null, "access": null, "landuse": null, "denomination": null, "health_facility_bed": null, "capacity": null, "staff_count_doctors": null, "religion": "christian", "amenity": "place_of_worship"}},{"type": "Feature", "geometry": {"type":"Polygon","coordinates":[[[131.2512077,-0.8464535],[131.2513728,-0.8464945],[131.2514184,-0.8463108],[131.2512533,-0.8462698],[131.2512077,-0.8464535]]]}, "properties": {"osm_id": 506868194, "osm_type": "ways_poly", "operator": null, "operator_type": null, "staff_count_nurses": null, "health_facility_level": null, "medical_system_western": null, "name": "Masjid Nurul Hikmah", "toilets_disposal": null, "health_facility_type": null, "isced_level": null, "opening_hours": null, "military": null, "toilets_handwashing": null, "building": "yes", "status": null, "access": null, "landuse": null, "denomination": null, "health_facility_bed": null, "capacity": null, "staff_count_doctors": null, "religion": "muslim", "amenity": "place_of_worship"}},{"type": "Feature", "geometry": {"type":"Polygon","coordinates":[[[131.2456168,-0.8215056],[131.2456812,-0.8215065],[131.2456826,-0.82141],[131.2456182,-0.8214091],[131.2456168,-0.8215056]]]}, "properties": {"osm_id": 506743165, "osm_type": "ways_poly", "operator": null, "operator_type": null, "staff_count_nurses": null, "health_facility_level": null, "medical_system_western": null, "name": "Mushola", "toilets_disposal": null, "health_facility_type": null, "isced_level": null, "opening_hours": null, "military": null, "toilets_handwashing": null, "building": "yes", "status": null, "access": null, "landuse": null, "denomination": null, "health_facility_bed": null, "capacity": null, "staff_count_doctors": null, "religion": "muslim", "amenity": "place_of_worship"}},{"type": "Feature", "geometry": {"type":"Polygon","coordinates":[[[131.2881875,-0.8783461],[131.2882854,-0.8783461],[131.2882854,-0.8781222],[131.2881875,-0.8781222],[131.2881875,-0.8783461]]]}, "properties": {"osm_id": 509000102, "osm_type": "ways_poly", "operator": null, "operator_type": null, "staff_count_nurses": null, "health_facility_level": null, "medical_system_western": null, "name": "Poliklinik Polresta Sorong Kota", "toilets_disposal": null, "health_facility_type": null, "isced_level": null, "opening_hours": null, "military": null, "toilets_handwashing": null, "building": null, "status": null, "access": null, "landuse": null, "denomination": null, "health_facility_bed": null, "capacity": null, "staff_count_doctors": null, "religion": null, "amenity": "hospital"}},{"type": "Feature", "geometry": {"type":"Polygon","coordinates":[[[131.3014882,-0.8801962],[131.3016279,-0.8802487],[131.3016444,-0.880205],[131.3016795,-0.8801114],[131.3017172,-0.8800113],[131.3015775,-0.8799588],[131.3015336,-0.8800754],[131.3014882,-0.8801962]]]}, "properties": {"osm_id": 509161558, "osm_type": "ways_poly", "operator": null, "operator_type": null, "staff_count_nurses": null, "health_facility_level": null, "medical_system_western": null, "name": "Masjid Baitussalam", "toilets_disposal": null, "health_facility_type": null, "isced_level": null, "opening_hours": null, "military": null, "toilets_handwashing": null, "building": "yes", "status": null, "access": null, "landuse": null, "denomination": null, "health_facility_bed": null, "capacity": null, "staff_count_doctors": null, "religion": "muslim", "amenity": "place_of_worship"}},{"type": "Feature", "geometry": {"type":"Polygon","coordinates":[[[131.2933586,-0.8822336],[131.29347,-0.8822356],[131.293472,-0.8821202],[131.2933607,-0.8821181],[131.2933586,-0.8822336]]]}, "properties": {"osm_id": 509161543, "osm_type": "ways_poly", "operator": null, "operator_type": null, "staff_count_nurses": null, "health_facility_level": null, "medical_system_western": null, "name": null, "toilets_disposal": null, "health_facility_type": null, "isced_level": null, "opening_hours": null, "military": null, "toilets_handwashing": null, "building": "yes", "status": null, "access": null, "landuse": null, "denomination": null, "health_facility_bed": null, "capacity": null, "staff_count_doctors": null, "religion": "muslim", "amenity": "place_of_worship"}},{"type": "Feature", "geometry": {"type":"Polygon","coordinates":[[[131.2466152,-0.8451089],[131.2466627,-0.8451766],[131.2466844,-0.8452075],[131.2468376,-0.8451],[131.2467684,-0.8450013],[131.2466152,-0.8451089]]]}, "properties": {"osm_id": 506868398, "osm_type": "ways_poly", "operator": null, "operator_type": null, "staff_count_nurses": null, "health_facility_level": null, "medical_system_western": null, "name": "Gereja Katolik Santo Yohanes Rasul", "toilets_disposal": null, "health_facility_type": null, "isced_level": null, "opening_hours": null, "military": null, "toilets_handwashing": null, "building": "yes", "status": null, "access": null, "landuse": null, "denomination": null, "health_facility_bed": null, "capacity": null, "staff_count_doctors": null, "religion": "christian", "amenity": "place_of_worship"}},{"type": "Feature", "geometry": {"type":"Polygon","coordinates":[[[131.2502888,-0.8646415],[131.2502896,-0.8650443],[131.2503562,-0.8650438],[131.2503562,-0.8650441],[131.2504009,-0.8650437],[131.2504002,-0.8649539],[131.2503575,-0.8649542],[131.2503562,-0.8647859],[131.2504208,-0.8647854],[131.2504197,-0.8646405],[131.2502888,-0.8646415]]]}, "properties": {"osm_id": 507799013, "osm_type": "ways_poly", "operator": null, "operator_type": null, "staff_count_nurses": null, "health_facility_level": null, "medical_system_western": null, "name": "TK/ SD ANNUR YAPIS", "toilets_disposal": null, "health_facility_type": null, "isced_level": null, "opening_hours": null, "military": null, "toilets_handwashing": null, "building": "yes", "status": null, "access": null, "landuse": null, "denomination": null, "health_facility_bed": null, "capacity": null, "staff_count_doctors": null, "religion": null, "amenity": "school"}},{"type": "Feature", "geometry": {"type":"Polygon","coordinates":[[[131.2462217,-0.8720919],[131.2463375,-0.8721365],[131.2463576,-0.8720842],[131.2462418,-0.8720396],[131.2462217,-0.8720919]]]}, "properties": {"osm_id": 507799161, "osm_type": "ways_poly", "operator": null, "operator_type": null, "staff_count_nurses": null, "health_facility_level": null, "medical_system_western": null, "name": "Kantor Pomal", "toilets_disposal": null, "health_facility_type": null, "isced_level": null, "opening_hours": null, "military": null, "toilets_handwashing": null, "building": "yes", "status": null, "access": null, "landuse": null, "denomination": null, "health_facility_bed": null, "capacity": null, "staff_count_doctors": null, "religion": null, "amenity": "police"}},{"type": "Feature", "geometry": {"type":"Polygon","coordinates":[[[131.3043371,-0.8812788],[131.3044347,-0.8812806],[131.304436,-0.8812082],[131.3043384,-0.8812064],[131.3043371,-0.8812788]]]}, "properties": {"osm_id": 509014335, "osm_type": "ways_poly", "operator": null, "operator_type": null, "staff_count_nurses": null, "health_facility_level": null, "medical_system_western": null, "name": "Gereja Eklesia", "toilets_disposal": null, "health_facility_type": null, "isced_level": null, "opening_hours": null, "military": null, "toilets_handwashing": null, "building": "yes", "status": null, "access": null, "landuse": null, "denomination": null, "health_facility_bed": null, "capacity": null, "staff_count_doctors": null, "religion": "christian", "amenity": "place_of_worship"}},{"type": "Feature", "geometry": {"type":"Polygon","coordinates":[[[131.300578,-0.8923523],[131.3006182,-0.8924234],[131.3006933,-0.8923809],[131.3006531,-0.8923098],[131.300578,-0.8923523]]]}, "properties": {"osm_id": 509573330, "osm_type": "ways_poly", "operator": null, "operator_type": null, "staff_count_nurses": null, "health_facility_level": null, "medical_system_western": null, "name": "Ar Rahman", "toilets_disposal": null, "health_facility_type": null, "isced_level": null, "opening_hours": null, "military": null, "toilets_handwashing": null, "building": "yes", "status": null, "access": null, "landuse": null, "denomination": null, "health_facility_bed": null, "capacity": null, "staff_count_doctors": null, "religion": "muslim", "amenity": "place_of_worship"}},{"type": "Feature", "geometry": {"type":"Polygon","coordinates":[[[131.2437661,-0.8429597],[131.243862,-0.8430386],[131.2440364,-0.8428267],[131.2439404,-0.8427478],[131.2437661,-0.8429597]]]}, "properties": {"osm_id": 506868474, "osm_type": "ways_poly", "operator": null, "operator_type": null, "staff_count_nurses": null, "health_facility_level": null, "medical_system_western": null, "name": "Gereja Elim Tanpa Garam", "toilets_disposal": null, "health_facility_type": null, "isced_level": null, "opening_hours": null, "military": null, "toilets_handwashing": null, "building": "yes", "status": null, "access": null, "landuse": null, "denomination": null, "health_facility_bed": null, "capacity": null, "staff_count_doctors": null, "religion": "christian", "amenity": "place_of_worship"}},{"type": "Feature", "geometry": {"type":"Polygon","coordinates":[[[131.2671905,-0.8128832],[131.2672051,-0.8129655],[131.2673416,-0.8129412],[131.267327,-0.8128589],[131.2671905,-0.8128832]]]}, "properties": {"osm_id": 506513147, "osm_type": "ways_poly", "operator": null, "operator_type": null, "staff_count_nurses": null, "health_facility_level": null, "medical_system_western": null, "name": "Gereja Santho Agustinus", "toilets_disposal": null, "health_facility_type": null, "isced_level": null, "opening_hours": null, "military": null, "toilets_handwashing": null, "building": "yes", "status": null, "access": null, "landuse": null, "denomination": null, "health_facility_bed": null, "capacity": null, "staff_count_doctors": null, "religion": "christian", "amenity": "place_of_worship"}},{"type": "Feature", "geometry": {"type":"Polygon","coordinates":[[[131.2871863,-0.8866399],[131.2872379,-0.8866816],[131.2872975,-0.8866078],[131.287246,-0.8865661],[131.2871863,-0.8866399]]]}, "properties": {"osm_id": 508563926, "osm_type": "ways_poly", "operator": "Ministry of Health", "operator_type": "government", "staff_count_nurses": null, "health_facility_level": null, "medical_system_western": null, "name": "Puskesmas Remu", "toilets_disposal": null, "health_facility_type": null, "isced_level": null, "opening_hours": null, "military": null, "toilets_handwashing": null, "building": "yes", "status": null, "access": null, "landuse": null, "denomination": null, "health_facility_bed": null, "capacity": null, "staff_count_doctors": null, "religion": null, "amenity": "clinic"}},{"type": "Feature", "geometry": {"type":"Polygon","coordinates":[[[131.3098818,-0.8732372],[131.3099215,-0.8732773],[131.3099744,-0.873225],[131.3099348,-0.8731849],[131.3098818,-0.8732372]]]}, "properties": {"osm_id": 509151692, "osm_type": "ways_poly", "operator": null, "operator_type": null, "staff_count_nurses": null, "health_facility_level": null, "medical_system_western": null, "name": "Mushola", "toilets_disposal": null, "health_facility_type": null, "isced_level": null, "opening_hours": null, "military": null, "toilets_handwashing": null, "building": "yes", "status": null, "access": null, "landuse": null, "denomination": null, "health_facility_bed": null, "capacity": null, "staff_count_doctors": null, "religion": "muslim", "amenity": "place_of_worship"}},{"type": "Feature", "geometry": {"type":"Polygon","coordinates":[[[131.3154592,-0.8882677],[131.3155771,-0.8883292],[131.3156144,-0.8882588],[131.3156412,-0.8882074],[131.3155229,-0.8881457],[131.3154592,-0.8882677]]]}, "properties": {"osm_id": 509121241, "osm_type": "ways_poly", "operator": null, "operator_type": null, "staff_count_nurses": null, "health_facility_level": null, "medical_system_western": null, "name": null, "toilets_disposal": null, "health_facility_type": null, "isced_level": null, "opening_hours": null, "military": null, "toilets_handwashing": null, "building": "mosque", "status": null, "access": null, "landuse": null, "denomination": null, "health_facility_bed": null, "capacity": null, "staff_count_doctors": null, "religion": "muslim", "amenity": "place_of_worship"}},{"type": "Feature", "geometry": {"type":"Polygon","coordinates":[[[131.3339728,-0.9160681],[131.3339858,-0.9161819],[131.3342097,-0.9161564],[131.3341968,-0.9160426],[131.3339728,-0.9160681]]]}, "properties": {"osm_id": 506737991, "osm_type": "ways_poly", "operator": null, "operator_type": null, "staff_count_nurses": null, "health_facility_level": null, "medical_system_western": null, "name": "Gereja St. Permadi", "toilets_disposal": null, "health_facility_type": null, "isced_level": null, "opening_hours": null, "military": null, "toilets_handwashing": null, "building": "yes", "status": null, "access": null, "landuse": null, "denomination": null, "health_facility_bed": null, "capacity": null, "staff_count_doctors": null, "religion": "christian", "amenity": "place_of_worship"}},{"type": "Feature", "geometry": {"type":"Polygon","coordinates":[[[131.3260626,-0.9135112],[131.3260699,-0.9136502],[131.3261853,-0.9136441],[131.326178,-0.9135052],[131.3260626,-0.9135112]]]}, "properties": {"osm_id": 508919426, "osm_type": "ways_poly", "operator": null, "operator_type": null, "staff_count_nurses": null, "health_facility_level": null, "medical_system_western": null, "name": "Gereja Advent", "toilets_disposal": null, "health_facility_type": null, "isced_level": null, "opening_hours": null, "military": null, "toilets_handwashing": null, "building": "yes", "status": null, "access": null, "landuse": null, "denomination": null, "health_facility_bed": null, "capacity": null, "staff_count_doctors": null, "religion": "christian", "amenity": "place_of_worship"}},{"type": "Feature", "geometry": {"type":"Polygon","coordinates":[[[131.2972869,-0.8741329],[131.2974303,-0.8741918],[131.2974612,-0.8741167],[131.2973177,-0.8740578],[131.2972869,-0.8741329]]]}, "properties": {"osm_id": 508988453, "osm_type": "ways_poly", "operator": null, "operator_type": null, "staff_count_nurses": null, "health_facility_level": null, "medical_system_western": null, "name": "Gereja Kalvari", "toilets_disposal": null, "health_facility_type": null, "isced_level": null, "opening_hours": null, "military": null, "toilets_handwashing": null, "building": "yes", "status": null, "access": null, "landuse": null, "denomination": null, "health_facility_bed": null, "capacity": null, "staff_count_doctors": null, "religion": "christian", "amenity": "place_of_worship"}},{"type": "Feature", "geometry": {"type":"Polygon","coordinates":[[[131.2525007,-0.8705244],[131.2525624,-0.8706183],[131.2526684,-0.8705486],[131.2526067,-0.8704547],[131.2525007,-0.8705244]]]}, "properties": {"osm_id": 507799374, "osm_type": "ways_poly", "operator": null, "operator_type": null, "staff_count_nurses": null, "health_facility_level": null, "medical_system_western": null, "name": "Polsek Sorong Barat", "toilets_disposal": null, "health_facility_type": null, "isced_level": null, "opening_hours": null, "military": null, "toilets_handwashing": null, "building": "yes", "status": null, "access": null, "landuse": null, "denomination": null, "health_facility_bed": null, "capacity": null, "staff_count_doctors": null, "religion": null, "amenity": "police"}},{"type": "Feature", "geometry": {"type":"Polygon","coordinates":[[[131.2477219,-0.8706877],[131.2478256,-0.8707389],[131.2478793,-0.8706303],[131.2477755,-0.8705791],[131.2477219,-0.8706877]]]}, "properties": {"osm_id": 507798355, "osm_type": "ways_poly", "operator": null, "operator_type": null, "staff_count_nurses": null, "health_facility_level": null, "medical_system_western": null, "name": "Gereja Adven", "toilets_disposal": null, "health_facility_type": null, "isced_level": null, "opening_hours": null, "military": null, "toilets_handwashing": null, "building": "yes", "status": null, "access": null, "landuse": null, "denomination": null, "health_facility_bed": null, "capacity": null, "staff_count_doctors": null, "religion": "christian", "amenity": "place_of_worship"}},{"type": "Feature", "geometry": {"type":"Polygon","coordinates":[[[131.2688025,-0.8789321],[131.2688084,-0.8789653],[131.2688265,-0.8789938],[131.2688541,-0.8790132],[131.268887,-0.8790206],[131.2689203,-0.8790148],[131.2689488,-0.8789967],[131.2689682,-0.8789691],[131.2689755,-0.8789361],[131.2689697,-0.8789029],[131.2689516,-0.8788744],[131.268924,-0.878855],[131.2688911,-0.8788476],[131.2688578,-0.8788534],[131.2688293,-0.8788715],[131.2688099,-0.8788992],[131.2688025,-0.8789321]]]}, "properties": {"osm_id": 507851502, "osm_type": "ways_poly", "operator": null, "operator_type": null, "staff_count_nurses": null, "health_facility_level": null, "medical_system_western": null, "name": "Vihara Buddha Jayanti", "toilets_disposal": null, "health_facility_type": null, "isced_level": null, "opening_hours": null, "military": null, "toilets_handwashing": null, "building": "yes", "status": null, "access": null, "landuse": null, "denomination": null, "health_facility_bed": null, "capacity": null, "staff_count_doctors": null, "religion": "buddhist", "amenity": "place_of_worship"}},{"type": "Feature", "geometry": {"type":"Polygon","coordinates":[[[131.2635712,-0.8802803],[131.2637148,-0.8803441],[131.2638866,-0.8799575],[131.2637056,-0.8798771],[131.2636485,-0.8800056],[131.2636859,-0.8800223],[131.2635712,-0.8802803]]]}, "properties": {"osm_id": 529849982, "osm_type": "ways_poly", "operator": null, "operator_type": null, "staff_count_nurses": null, "health_facility_level": null, "medical_system_western": null, "name": "Alfa Omega", "toilets_disposal": null, "health_facility_type": null, "isced_level": null, "opening_hours": null, "military": null, "toilets_handwashing": null, "building": "yes", "status": null, "access": null, "landuse": null, "denomination": null, "health_facility_bed": null, "capacity": null, "staff_count_doctors": null, "religion": "christian", "amenity": "place_of_worship"}},{"type": "Feature", "geometry": {"type":"Polygon","coordinates":[[[131.2636666,-0.8798416],[131.2640004,-0.8799811],[131.2641164,-0.8797156],[131.2637752,-0.8795761],[131.2636666,-0.8798416]]]}, "properties": {"osm_id": 529849987, "osm_type": "ways_poly", "operator": null, "operator_type": "government", "staff_count_nurses": null, "health_facility_level": null, "medical_system_western": null, "name": "SD N 113", "toilets_disposal": null, "health_facility_type": null, "isced_level": null, "opening_hours": null, "military": null, "toilets_handwashing": null, "building": null, "status": null, "access": null, "landuse": null, "denomination": null, "health_facility_bed": null, "capacity": null, "staff_count_doctors": null, "religion": null, "amenity": "school"}},{"type": "Feature", "geometry": {"type":"Polygon","coordinates":[[[131.2628232,-0.8804219],[131.2629828,-0.8805252],[131.2630702,-0.8803901],[131.2629106,-0.8802869],[131.2628232,-0.8804219]]]}, "properties": {"osm_id": 506693191, "osm_type": "ways_poly", "operator": null, "operator_type": null, "staff_count_nurses": null, "health_facility_level": null, "medical_system_western": null, "name": "Zoar", "toilets_disposal": null, "health_facility_type": null, "isced_level": null, "opening_hours": null, "military": null, "toilets_handwashing": null, "building": "yes", "status": null, "access": null, "landuse": null, "denomination": null, "health_facility_bed": null, "capacity": null, "staff_count_doctors": null, "religion": "christian", "amenity": "place_of_worship"}},{"type": "Feature", "geometry": {"type":"Polygon","coordinates":[[[131.2624417,-0.8784044],[131.2625162,-0.8784534],[131.2625564,-0.8784797],[131.2626409,-0.8783509],[131.2625261,-0.8782757],[131.2624417,-0.8784044]]]}, "properties": {"osm_id": 507800214, "osm_type": "ways_poly", "operator": null, "operator_type": null, "staff_count_nurses": null, "health_facility_level": null, "medical_system_western": null, "name": "Mushola SUPM", "toilets_disposal": null, "health_facility_type": null, "isced_level": null, "opening_hours": null, "military": null, "toilets_handwashing": null, "building": "yes", "status": null, "access": null, "landuse": null, "denomination": null, "health_facility_bed": null, "capacity": null, "staff_count_doctors": null, "religion": "muslim", "amenity": "place_of_worship"}},{"type": "Feature", "geometry": {"type":"Polygon","coordinates":[[[131.2680602,-0.8816127],[131.2682028,-0.8816458],[131.2682296,-0.8815305],[131.268087,-0.8814974],[131.2680602,-0.8816127]]]}, "properties": {"osm_id": 505618412, "osm_type": "ways_poly", "operator": null, "operator_type": null, "staff_count_nurses": null, "health_facility_level": null, "medical_system_western": null, "name": "Masjid Al Jihad", "toilets_disposal": null, "health_facility_type": null, "isced_level": null, "opening_hours": null, "military": null, "toilets_handwashing": null, "building": "yes", "status": null, "access": null, "landuse": null, "denomination": null, "health_facility_bed": null, "capacity": null, "staff_count_doctors": null, "religion": "muslim", "amenity": "place_of_worship"}},{"type": "Feature", "geometry": {"type":"Polygon","coordinates":[[[131.26572,-0.884902],[131.2658234,-0.8850063],[131.2659857,-0.8848454],[131.2658823,-0.8847411],[131.26572,-0.884902]]]}, "properties": {"osm_id": 505618133, "osm_type": "ways_poly", "operator": null, "operator_type": null, "staff_count_nurses": null, "health_facility_level": null, "medical_system_western": null, "name": "Siloam", "toilets_disposal": null, "health_facility_type": null, "isced_level": null, "opening_hours": null, "military": null, "toilets_handwashing": null, "building": "yes", "status": null, "access": null, "landuse": null, "denomination": null, "health_facility_bed": null, "capacity": null, "staff_count_doctors": null, "religion": "christian", "amenity": "place_of_worship"}},{"type": "Feature", "geometry": {"type":"Polygon","coordinates":[[[131.2645069,-0.8818864],[131.2645459,-0.8819382],[131.2645668,-0.8819659],[131.2645831,-0.8819875],[131.2647585,-0.8818553],[131.2647419,-0.8818332],[131.26476,-0.8818195],[131.2647002,-0.8817401],[131.2645857,-0.8818264],[131.2645729,-0.8818094],[131.264533,-0.8818395],[131.2645461,-0.8818569],[131.2645069,-0.8818864]]]}, "properties": {"osm_id": 888192257, "osm_type": "ways_poly", "operator": null, "operator_type": null, "staff_count_nurses": null, "health_facility_level": null, "medical_system_western": null, "name": "Jemaat Hosana", "toilets_disposal": null, "health_facility_type": null, "isced_level": null, "opening_hours": null, "military": null, "toilets_handwashing": null, "building": "church", "status": null, "access": null, "landuse": null, "denomination": "pentecostal", "health_facility_bed": null, "capacity": null, "staff_count_doctors": null, "religion": "christian", "amenity": "place_of_worship"}},{"type": "Feature", "geometry": {"type":"Polygon","coordinates":[[[131.2589756,-0.8788074],[131.2590565,-0.8788652],[131.2591504,-0.8787338],[131.2590694,-0.878676],[131.2589756,-0.8788074]]]}, "properties": {"osm_id": 507799998, "osm_type": "ways_poly", "operator": null, "operator_type": null, "staff_count_nurses": null, "health_facility_level": null, "medical_system_western": null, "name": "Alfatah", "toilets_disposal": null, "health_facility_type": null, "isced_level": null, "opening_hours": null, "military": null, "toilets_handwashing": null, "building": "yes", "status": null, "access": null, "landuse": null, "denomination": null, "health_facility_bed": null, "capacity": null, "staff_count_doctors": null, "religion": "muslim", "amenity": "place_of_worship"}},{"type": "Feature", "geometry": {"type":"Polygon","coordinates":[[[131.3404625,-0.8914831],[131.3404706,-0.8917258],[131.3406296,-0.8917205],[131.3406216,-0.8914778],[131.3404625,-0.8914831]]]}, "properties": {"osm_id": 530134634, "osm_type": "ways_poly", "operator": null, "operator_type": null, "staff_count_nurses": null, "health_facility_level": null, "medical_system_western": null, "name": "Gereja Gimi", "toilets_disposal": null, "health_facility_type": null, "isced_level": null, "opening_hours": null, "military": null, "toilets_handwashing": null, "building": "yes", "status": null, "access": null, "landuse": null, "denomination": null, "health_facility_bed": null, "capacity": null, "staff_count_doctors": null, "religion": "christian", "amenity": "place_of_worship"}},{"type": "Feature", "geometry": {"type":"Polygon","coordinates":[[[131.3442384,-0.892841],[131.3443354,-0.8928647],[131.3443642,-0.8927472],[131.3442672,-0.8927235],[131.3442384,-0.892841]]]}, "properties": {"osm_id": 530134628, "osm_type": "ways_poly", "operator": null, "operator_type": null, "staff_count_nurses": null, "health_facility_level": null, "medical_system_western": null, "name": "Posyandu Kelurahan Giwu", "toilets_disposal": null, "health_facility_type": null, "isced_level": null, "opening_hours": null, "military": null, "toilets_handwashing": null, "building": "yes", "status": null, "access": null, "landuse": null, "denomination": null, "health_facility_bed": null, "capacity": null, "staff_count_doctors": null, "religion": null, "amenity": "clinic"}},{"type": "Feature", "geometry": {"type":"Polygon","coordinates":[[[131.3369776,-0.8913184],[131.3370408,-0.8914003],[131.3370851,-0.8913661],[131.3370218,-0.8912842],[131.3369776,-0.8913184]]]}, "properties": {"osm_id": 529875065, "osm_type": "ways_poly", "operator": null, "operator_type": null, "staff_count_nurses": null, "health_facility_level": null, "medical_system_western": null, "name": "SD 28 Bambu Kuning/ SMP Bukit Zaitun", "toilets_disposal": null, "health_facility_type": null, "isced_level": null, "opening_hours": null, "military": null, "toilets_handwashing": null, "building": "yes", "status": null, "access": null, "landuse": null, "denomination": null, "health_facility_bed": null, "capacity": null, "staff_count_doctors": null, "religion": null, "amenity": "school"}},{"type": "Feature", "geometry": {"type":"Polygon","coordinates":[[[131.2483071,-0.8533454],[131.2483828,-0.8533468],[131.2483842,-0.8532717],[131.2483084,-0.8532703],[131.2483071,-0.8533454]]]}, "properties": {"osm_id": 506868583, "osm_type": "ways_poly", "operator": null, "operator_type": null, "staff_count_nurses": null, "health_facility_level": null, "medical_system_western": null, "name": "Gereja GPDi Haleluyah", "toilets_disposal": null, "health_facility_type": null, "isced_level": null, "opening_hours": null, "military": null, "toilets_handwashing": null, "building": "yes", "status": null, "access": null, "landuse": null, "denomination": null, "health_facility_bed": null, "capacity": null, "staff_count_doctors": null, "religion": "christian", "amenity": "place_of_worship"}},{"type": "Feature", "geometry": {"type":"Polygon","coordinates":[[[131.2462652,-0.8546555],[131.2463256,-0.8546596],[131.2463296,-0.8546006],[131.2462692,-0.8545965],[131.2462652,-0.8546555]]]}, "properties": {"osm_id": 506866736, "osm_type": "ways_poly", "operator": "Ministry of Health", "operator_type": "government", "staff_count_nurses": null, "health_facility_level": null, "medical_system_western": null, "name": "Pustu Rufei", "toilets_disposal": null, "health_facility_type": null, "isced_level": null, "opening_hours": null, "military": null, "toilets_handwashing": null, "building": "yes", "status": null, "access": null, "landuse": null, "denomination": null, "health_facility_bed": null, "capacity": null, "staff_count_doctors": null, "religion": null, "amenity": "clinic"}},{"type": "Feature", "geometry": {"type":"Polygon","coordinates":[[[131.2722249,-0.8848451],[131.2724812,-0.8848505],[131.2724835,-0.8847436],[131.2722271,-0.8847381],[131.2722249,-0.8848451]]]}, "properties": {"osm_id": 508002915, "osm_type": "ways_poly", "operator": null, "operator_type": null, "staff_count_nurses": null, "health_facility_level": null, "medical_system_western": null, "name": "Gereja Pantai Kosta", "toilets_disposal": null, "health_facility_type": null, "isced_level": null, "opening_hours": null, "military": null, "toilets_handwashing": null, "building": "yes", "status": null, "access": null, "landuse": null, "denomination": null, "health_facility_bed": null, "capacity": null, "staff_count_doctors": null, "religion": "christian", "amenity": "place_of_worship"}},{"type": "Feature", "geometry": {"type":"Polygon","coordinates":[[[131.2852732,-0.8829541],[131.2854597,-0.8830641],[131.2855066,-0.8829845],[131.2853202,-0.8828745],[131.2852732,-0.8829541]]]}, "properties": {"osm_id": 508001250, "osm_type": "ways_poly", "operator": null, "operator_type": null, "staff_count_nurses": null, "health_facility_level": null, "medical_system_western": null, "name": "Gereja Maranata", "toilets_disposal": null, "health_facility_type": null, "isced_level": null, "opening_hours": null, "military": null, "toilets_handwashing": null, "building": "yes", "status": null, "access": null, "landuse": null, "denomination": null, "health_facility_bed": null, "capacity": null, "staff_count_doctors": null, "religion": "christian", "amenity": "place_of_worship"}},{"type": "Feature", "geometry": {"type":"Polygon","coordinates":[[[131.2847787,-0.8838484],[131.2848374,-0.8838856],[131.2848884,-0.8838051],[131.2848296,-0.8837679],[131.2847787,-0.8838484]]]}, "properties": {"osm_id": 508001877, "osm_type": "ways_poly", "operator": null, "operator_type": null, "staff_count_nurses": null, "health_facility_level": null, "medical_system_western": null, "name": "Polresta Sorong", "toilets_disposal": null, "health_facility_type": null, "isced_level": null, "opening_hours": null, "military": null, "toilets_handwashing": null, "building": "yes", "status": null, "access": null, "landuse": null, "denomination": null, "health_facility_bed": null, "capacity": null, "staff_count_doctors": null, "religion": null, "amenity": "police"}},{"type": "Feature", "geometry": {"type":"Polygon","coordinates":[[[131.2845633,-0.8834047],[131.2846631,-0.8834659],[131.284765,-0.8832996],[131.2846652,-0.8832384],[131.2845633,-0.8834047]]]}, "properties": {"osm_id": 508001888, "osm_type": "ways_poly", "operator": null, "operator_type": null, "staff_count_nurses": null, "health_facility_level": null, "medical_system_western": null, "name": "Masjid Al Asar", "toilets_disposal": null, "health_facility_type": null, "isced_level": null, "opening_hours": null, "military": null, "toilets_handwashing": null, "building": "yes", "status": null, "access": null, "landuse": null, "denomination": null, "health_facility_bed": null, "capacity": null, "staff_count_doctors": null, "religion": "muslim", "amenity": "place_of_worship"}},{"type": "Feature", "geometry": {"type":"Polygon","coordinates":[[[131.2851807,-0.8870663],[131.2852022,-0.8872406],[131.2853142,-0.8872268],[131.2852927,-0.8870525],[131.2851807,-0.8870663]]]}, "properties": {"osm_id": 508023606, "osm_type": "ways_poly", "operator": null, "operator_type": null, "staff_count_nurses": null, "health_facility_level": null, "medical_system_western": null, "name": "Gereja Pantekosta Hosana", "toilets_disposal": null, "health_facility_type": null, "isced_level": null, "opening_hours": null, "military": null, "toilets_handwashing": null, "building": "yes", "status": null, "access": null, "landuse": null, "denomination": null, "health_facility_bed": null, "capacity": null, "staff_count_doctors": null, "religion": "christian", "amenity": "place_of_worship"}},{"type": "Feature", "geometry": {"type":"Polygon","coordinates":[[[131.2856837,-0.8785862],[131.2857639,-0.8786582],[131.2859289,-0.8784745],[131.2858486,-0.8784025],[131.2856837,-0.8785862]]]}, "properties": {"osm_id": 507083372, "osm_type": "ways_poly", "operator": null, "operator_type": null, "staff_count_nurses": null, "health_facility_level": null, "medical_system_western": null, "name": "Mushola Almunawarah", "toilets_disposal": null, "health_facility_type": null, "isced_level": null, "opening_hours": null, "military": null, "toilets_handwashing": null, "building": "yes", "status": null, "access": null, "landuse": null, "denomination": null, "health_facility_bed": null, "capacity": null, "staff_count_doctors": null, "religion": "muslim", "amenity": "place_of_worship"}},{"type": "Feature", "geometry": {"type":"Polygon","coordinates":[[[131.2855831,-0.8793746],[131.2857203,-0.8794458],[131.2857766,-0.8793372],[131.2856394,-0.879266],[131.2855831,-0.8793746]]]}, "properties": {"osm_id": 508024508, "osm_type": "ways_poly", "operator": null, "operator_type": null, "staff_count_nurses": null, "health_facility_level": null, "medical_system_western": null, "name": null, "toilets_disposal": null, "health_facility_type": null, "isced_level": null, "opening_hours": null, "military": null, "toilets_handwashing": null, "building": "yes", "status": null, "access": null, "landuse": null, "denomination": null, "health_facility_bed": null, "capacity": null, "staff_count_doctors": null, "religion": "muslim", "amenity": "place_of_worship"}},{"type": "Feature", "geometry": {"type":"Polygon","coordinates":[[[131.2539813,-0.8465092],[131.2539826,-0.8467533],[131.2540968,-0.8467527],[131.2540954,-0.8465086],[131.2539813,-0.8465092]]]}, "properties": {"osm_id": 506867965, "osm_type": "ways_poly", "operator": null, "operator_type": null, "staff_count_nurses": null, "health_facility_level": null, "medical_system_western": null, "name": "SMP/SMA PGRI Kota Sorong", "toilets_disposal": null, "health_facility_type": null, "isced_level": null, "opening_hours": null, "military": null, "toilets_handwashing": null, "building": "yes", "status": null, "access": null, "landuse": null, "denomination": null, "health_facility_bed": null, "capacity": null, "staff_count_doctors": null, "religion": null, "amenity": "school"}},{"type": "Feature", "geometry": {"type":"Polygon","coordinates":[[[131.2790237,-0.8807129],[131.2790251,-0.8810468],[131.2791332,-0.8810728],[131.279225,-0.881046],[131.2792237,-0.8807121],[131.2790237,-0.8807129]]]}, "properties": {"osm_id": 508024714, "osm_type": "ways_poly", "operator": null, "operator_type": null, "staff_count_nurses": null, "health_facility_level": null, "medical_system_western": null, "name": null, "toilets_disposal": null, "health_facility_type": null, "isced_level": null, "opening_hours": null, "military": null, "toilets_handwashing": null, "building": "yes", "status": null, "access": null, "landuse": null, "denomination": null, "health_facility_bed": null, "capacity": null, "staff_count_doctors": null, "religion": null, "amenity": "place_of_worship"}},{"type": "Feature", "geometry": {"type":"Polygon","coordinates":[[[131.2785946,-0.8852748],[131.2787314,-0.8854116],[131.2787931,-0.8853499],[131.2786563,-0.8852131],[131.2785946,-0.8852748]]]}, "properties": {"osm_id": 508002142, "osm_type": "ways_poly", "operator": null, "operator_type": null, "staff_count_nurses": null, "health_facility_level": null, "medical_system_western": null, "name": "Gereja Petra", "toilets_disposal": null, "health_facility_type": null, "isced_level": null, "opening_hours": null, "military": null, "toilets_handwashing": null, "building": "yes", "status": null, "access": null, "landuse": null, "denomination": null, "health_facility_bed": null, "capacity": null, "staff_count_doctors": null, "religion": "christian", "amenity": "place_of_worship"}},{"type": "Feature", "geometry": {"type":"Polygon","coordinates":[[[131.286972,-0.8864592],[131.2870685,-0.8865336],[131.2871468,-0.886432],[131.2870502,-0.8863576],[131.286972,-0.8864592]]]}, "properties": {"osm_id": 508563928, "osm_type": "ways_poly", "operator": "Ministry of Health", "operator_type": "government", "staff_count_nurses": null, "health_facility_level": null, "medical_system_western": null, "name": "Puskesmas Remu", "toilets_disposal": null, "health_facility_type": null, "isced_level": null, "opening_hours": null, "military": null, "toilets_handwashing": null, "building": "yes", "status": null, "access": null, "landuse": null, "denomination": null, "health_facility_bed": null, "capacity": null, "staff_count_doctors": null, "religion": null, "amenity": "clinic"}},{"type": "Feature", "geometry": {"type":"Polygon","coordinates":[[[131.2827748,-0.8844877],[131.2828462,-0.8844971],[131.2828555,-0.884426],[131.2827842,-0.8844166],[131.2827748,-0.8844877]]]}, "properties": {"osm_id": 508001641, "osm_type": "ways_poly", "operator": null, "operator_type": null, "staff_count_nurses": null, "health_facility_level": null, "medical_system_western": null, "name": "Mushola Nurul Itihad", "toilets_disposal": null, "health_facility_type": null, "isced_level": null, "opening_hours": null, "military": null, "toilets_handwashing": null, "building": "yes", "status": null, "access": null, "landuse": null, "denomination": null, "health_facility_bed": null, "capacity": null, "staff_count_doctors": null, "religion": "muslim", "amenity": "place_of_worship"}},{"type": "Feature", "geometry": {"type":"Polygon","coordinates":[[[131.2817575,-0.8883187],[131.2819472,-0.8883533],[131.2819754,-0.8881982],[131.2817856,-0.8881638],[131.2817575,-0.8883187]]]}, "properties": {"osm_id": 508022607, "osm_type": "ways_poly", "operator": null, "operator_type": null, "staff_count_nurses": null, "health_facility_level": null, "medical_system_western": null, "name": "Masjid Al Azhar", "toilets_disposal": null, "health_facility_type": null, "isced_level": null, "opening_hours": null, "military": null, "toilets_handwashing": null, "building": "yes", "status": null, "access": null, "landuse": null, "denomination": null, "health_facility_bed": null, "capacity": null, "staff_count_doctors": null, "religion": "muslim", "amenity": "place_of_worship"}},{"type": "Feature", "geometry": {"type":"Polygon","coordinates":[[[131.2902324,-0.8813985],[131.2904375,-0.8814789],[131.2904998,-0.8813203],[131.2902946,-0.8812398],[131.2902324,-0.8813985]]]}, "properties": {"osm_id": 509120271, "osm_type": "ways_poly", "operator": null, "operator_type": null, "staff_count_nurses": null, "health_facility_level": null, "medical_system_western": null, "name": "Masjid Al- Amin", "toilets_disposal": null, "health_facility_type": null, "isced_level": null, "opening_hours": null, "military": null, "toilets_handwashing": null, "building": "yes", "status": null, "access": null, "landuse": null, "denomination": null, "health_facility_bed": null, "capacity": null, "staff_count_doctors": null, "religion": "muslim", "amenity": "place_of_worship"}},{"type": "Feature", "geometry": {"type":"Polygon","coordinates":[[[131.2900543,-0.8840693],[131.2901523,-0.8841336],[131.2902086,-0.8840477],[131.2901106,-0.8839835],[131.2900543,-0.8840693]]]}, "properties": {"osm_id": 509574662, "osm_type": "ways_poly", "operator": null, "operator_type": null, "staff_count_nurses": null, "health_facility_level": null, "medical_system_western": null, "name": "Gereja Santo Petrus", "toilets_disposal": null, "health_facility_type": null, "isced_level": null, "opening_hours": null, "military": null, "toilets_handwashing": null, "building": "yes", "status": null, "access": null, "landuse": null, "denomination": null, "health_facility_bed": null, "capacity": null, "staff_count_doctors": null, "religion": "christian", "amenity": "place_of_worship"}},{"type": "Feature", "geometry": {"type":"Polygon","coordinates":[[[131.2727672,-0.8864841],[131.2729928,-0.8865661],[131.2730357,-0.8864481],[131.2728101,-0.8863661],[131.2727672,-0.8864841]]]}, "properties": {"osm_id": 508002455, "osm_type": "ways_poly", "operator": null, "operator_type": null, "staff_count_nurses": null, "health_facility_level": null, "medical_system_western": null, "name": "Gereja Betlehem", "toilets_disposal": null, "health_facility_type": null, "isced_level": null, "opening_hours": null, "military": null, "toilets_handwashing": null, "building": "yes", "status": null, "access": null, "landuse": null, "denomination": null, "health_facility_bed": null, "capacity": null, "staff_count_doctors": null, "religion": "christian", "amenity": "place_of_worship"}},{"type": "Feature", "geometry": {"type":"Polygon","coordinates":[[[131.2833112,-0.8820899],[131.2834024,-0.8820914],[131.2834051,-0.8819251],[131.2833139,-0.8819236],[131.2833112,-0.8820899]]]}, "properties": {"osm_id": 508024086, "osm_type": "ways_poly", "operator": null, "operator_type": null, "staff_count_nurses": null, "health_facility_level": null, "medical_system_western": null, "name": "Prima Medical Center", "toilets_disposal": null, "health_facility_type": null, "isced_level": null, "opening_hours": null, "military": null, "toilets_handwashing": null, "building": "yes", "status": null, "access": null, "landuse": null, "denomination": null, "health_facility_bed": null, "capacity": null, "staff_count_doctors": null, "religion": null, "amenity": "clinic"}},{"type": "Feature", "geometry": {"type":"Polygon","coordinates":[[[131.3287826,-0.9020818],[131.3288396,-0.9021663],[131.328906,-0.9021215],[131.3288491,-0.902037],[131.3287826,-0.9020818]]]}, "properties": {"osm_id": 508854022, "osm_type": "ways_poly", "operator": null, "operator_type": null, "staff_count_nurses": null, "health_facility_level": null, "medical_system_western": null, "name": "Masjid Azzikra", "toilets_disposal": null, "health_facility_type": null, "isced_level": null, "opening_hours": null, "military": null, "toilets_handwashing": null, "building": "yes", "status": null, "access": null, "landuse": null, "denomination": null, "health_facility_bed": null, "capacity": null, "staff_count_doctors": null, "religion": "muslim", "amenity": "place_of_worship"}},{"type": "Feature", "geometry": {"type":"Polygon","coordinates":[[[131.3286355,-0.8799227],[131.3286722,-0.8799308],[131.3286527,-0.8800193],[131.3288492,-0.8800626],[131.3288949,-0.8798553],[131.3286988,-0.879812],[131.3286835,-0.8798814],[131.3286464,-0.8798732],[131.3286355,-0.8799227]]]}, "properties": {"osm_id": 509725479, "osm_type": "ways_poly", "operator": null, "operator_type": null, "staff_count_nurses": null, "health_facility_level": null, "medical_system_western": null, "name": "Masjid Rahmatullah", "toilets_disposal": null, "health_facility_type": null, "isced_level": null, "opening_hours": null, "military": null, "toilets_handwashing": null, "building": "yes", "status": null, "access": null, "landuse": null, "denomination": null, "health_facility_bed": null, "capacity": null, "staff_count_doctors": null, "religion": "muslim", "amenity": "place_of_worship"}},{"type": "Feature", "geometry": {"type":"Polygon","coordinates":[[[131.3292474,-0.8813096],[131.3293436,-0.8813232],[131.3293704,-0.8811328],[131.3292743,-0.8811192],[131.3292474,-0.8813096]]]}, "properties": {"osm_id": 509725486, "osm_type": "ways_poly", "operator": null, "operator_type": null, "staff_count_nurses": null, "health_facility_level": null, "medical_system_western": null, "name": "Gereja Babtis Filadelfia", "toilets_disposal": null, "health_facility_type": null, "isced_level": null, "opening_hours": null, "military": null, "toilets_handwashing": null, "building": "yes", "status": null, "access": null, "landuse": null, "denomination": null, "health_facility_bed": null, "capacity": null, "staff_count_doctors": null, "religion": "christian", "amenity": "place_of_worship"}},{"type": "Feature", "geometry": {"type":"Polygon","coordinates":[[[131.3371464,-0.8914069],[131.3371843,-0.8914795],[131.337238,-0.8914514],[131.3372566,-0.891487],[131.3372804,-0.8915334],[131.3372891,-0.8915501],[131.3373201,-0.8915339],[131.3373373,-0.8915669],[131.3374087,-0.8915297],[131.3373899,-0.8914935],[131.3374069,-0.8914847],[131.3373193,-0.8913167],[131.3371464,-0.8914069]]]}, "properties": {"osm_id": 506502419, "osm_type": "ways_poly", "operator": null, "operator_type": null, "staff_count_nurses": null, "health_facility_level": null, "medical_system_western": null, "name": "Gereja GBI", "toilets_disposal": null, "health_facility_type": null, "isced_level": null, "opening_hours": null, "military": null, "toilets_handwashing": null, "building": "yes", "status": null, "access": null, "landuse": null, "denomination": null, "health_facility_bed": null, "capacity": null, "staff_count_doctors": null, "religion": "christian", "amenity": "place_of_worship"}},{"type": "Feature", "geometry": {"type":"Polygon","coordinates":[[[131.3233967,-0.9018005],[131.3234393,-0.9018711],[131.3235627,-0.9017967],[131.3235201,-0.9017261],[131.3233967,-0.9018005]]]}, "properties": {"osm_id": 508854329, "osm_type": "ways_poly", "operator": null, "operator_type": null, "staff_count_nurses": null, "health_facility_level": null, "medical_system_western": null, "name": "Pustu Klasaman 1", "toilets_disposal": null, "health_facility_type": null, "isced_level": null, "opening_hours": null, "military": null, "toilets_handwashing": null, "building": "yes", "status": null, "access": null, "landuse": null, "denomination": null, "health_facility_bed": null, "capacity": null, "staff_count_doctors": null, "religion": null, "amenity": "clinic"}},{"type": "Feature", "geometry": {"type":"Polygon","coordinates":[[[131.3236922,-0.9015048],[131.3237888,-0.901651],[131.3238746,-0.9015944],[131.323778,-0.9014482],[131.3236922,-0.9015048]]]}, "properties": {"osm_id": 508854352, "osm_type": "ways_poly", "operator": null, "operator_type": null, "staff_count_nurses": null, "health_facility_level": null, "medical_system_western": null, "name": "Gereja Eben Haeser Km 12", "toilets_disposal": null, "health_facility_type": null, "isced_level": null, "opening_hours": null, "military": null, "toilets_handwashing": null, "building": "yes", "status": null, "access": null, "landuse": null, "denomination": null, "health_facility_bed": null, "capacity": null, "staff_count_doctors": null, "religion": "christian", "amenity": "place_of_worship"}},{"type": "Feature", "geometry": {"type":"Polygon","coordinates":[[[131.3514019,-0.8985646],[131.3514671,-0.8985914],[131.3514979,-0.8985163],[131.3514328,-0.8984895],[131.3514019,-0.8985646]]]}, "properties": {"osm_id": 530134625, "osm_type": "ways_poly", "operator": null, "operator_type": null, "staff_count_nurses": null, "health_facility_level": null, "medical_system_western": null, "name": "Gereja GBI", "toilets_disposal": null, "health_facility_type": null, "isced_level": null, "opening_hours": null, "military": null, "toilets_handwashing": null, "building": "yes", "status": null, "access": null, "landuse": null, "denomination": null, "health_facility_bed": null, "capacity": null, "staff_count_doctors": null, "religion": "christian", "amenity": "place_of_worship"}},{"type": "Feature", "geometry": {"type":"Polygon","coordinates":[[[131.3339199,-0.9007396],[131.3339843,-0.9008281],[131.3340496,-0.9007806],[131.3339852,-0.9006921],[131.3339199,-0.9007396]]]}, "properties": {"osm_id": 530134645, "osm_type": "ways_poly", "operator": null, "operator_type": null, "staff_count_nurses": null, "health_facility_level": null, "medical_system_western": null, "name": null, "toilets_disposal": null, "health_facility_type": null, "isced_level": null, "opening_hours": null, "military": null, "toilets_handwashing": null, "building": "yes", "status": null, "access": null, "landuse": null, "denomination": null, "health_facility_bed": null, "capacity": null, "staff_count_doctors": null, "religion": "muslim", "amenity": "place_of_worship"}},{"type": "Feature", "geometry": {"type":"Polygon","coordinates":[[[131.3528458,-0.8987419],[131.3529174,-0.8987469],[131.3529138,-0.8987977],[131.3530305,-0.8988058],[131.353039,-0.8986837],[131.3528508,-0.8986706],[131.3528458,-0.8987419]]]}, "properties": {"osm_id": 508864494, "osm_type": "ways_poly", "operator": null, "operator_type": null, "staff_count_nurses": null, "health_facility_level": null, "medical_system_western": null, "name": "Gereja GPDI", "toilets_disposal": null, "health_facility_type": null, "isced_level": null, "opening_hours": null, "military": null, "toilets_handwashing": null, "building": "yes", "status": null, "access": null, "landuse": null, "denomination": null, "health_facility_bed": null, "capacity": null, "staff_count_doctors": null, "religion": "christian", "amenity": "place_of_worship"}},{"type": "Feature", "geometry": {"type":"Polygon","coordinates":[[[131.3331954,-0.8979811],[131.3332361,-0.8980464],[131.3333394,-0.8979821],[131.3332986,-0.8979167],[131.3331954,-0.8979811]]]}, "properties": {"osm_id": 506501967, "osm_type": "ways_poly", "operator": null, "operator_type": null, "staff_count_nurses": null, "health_facility_level": null, "medical_system_western": null, "name": "Gereja Kerapatan Pentakosta", "toilets_disposal": null, "health_facility_type": null, "isced_level": null, "opening_hours": null, "military": null, "toilets_handwashing": null, "building": "yes", "status": null, "access": null, "landuse": null, "denomination": null, "health_facility_bed": null, "capacity": null, "staff_count_doctors": null, "religion": "christian", "amenity": "place_of_worship"}},{"type": "Feature", "geometry": {"type":"Polygon","coordinates":[[[131.3052456,-0.8921368],[131.3052987,-0.8921498],[131.3053174,-0.8920734],[131.3052644,-0.8920604],[131.3052456,-0.8921368]]]}, "properties": {"osm_id": 509573608, "osm_type": "ways_poly", "operator": null, "operator_type": null, "staff_count_nurses": null, "health_facility_level": null, "medical_system_western": null, "name": "Daruussalam", "toilets_disposal": null, "health_facility_type": null, "isced_level": null, "opening_hours": null, "military": null, "toilets_handwashing": null, "building": "yes", "status": null, "access": null, "landuse": null, "denomination": null, "health_facility_bed": null, "capacity": null, "staff_count_doctors": null, "religion": "muslim", "amenity": "place_of_worship"}},{"type": "Feature", "geometry": {"type":"Polygon","coordinates":[[[131.3068557,-0.8933553],[131.3069555,-0.8933638],[131.3069622,-0.8932847],[131.3068624,-0.8932762],[131.3068557,-0.8933553]]]}, "properties": {"osm_id": 509573524, "osm_type": "ways_poly", "operator": null, "operator_type": null, "staff_count_nurses": null, "health_facility_level": null, "medical_system_western": null, "name": "Baitu Assaadah", "toilets_disposal": null, "health_facility_type": null, "isced_level": null, "opening_hours": null, "military": null, "toilets_handwashing": null, "building": "yes", "status": null, "access": null, "landuse": null, "denomination": null, "health_facility_bed": null, "capacity": null, "staff_count_doctors": null, "religion": "muslim", "amenity": "place_of_worship"}},{"type": "Feature", "geometry": {"type":"Polygon","coordinates":[[[131.3247784,-0.903243],[131.3248602,-0.9033463],[131.324923,-0.9032965],[131.3248412,-0.9031933],[131.3247784,-0.903243]]]}, "properties": {"osm_id": 508854295, "osm_type": "ways_poly", "operator": null, "operator_type": null, "staff_count_nurses": null, "health_facility_level": null, "medical_system_western": null, "name": "Greja GBI Bunga Bakung", "toilets_disposal": null, "health_facility_type": null, "isced_level": null, "opening_hours": null, "military": null, "toilets_handwashing": null, "building": "yes", "status": null, "access": null, "landuse": null, "denomination": null, "health_facility_bed": null, "capacity": null, "staff_count_doctors": null, "religion": "christian", "amenity": "place_of_worship"}},{"type": "Feature", "geometry": {"type":"Polygon","coordinates":[[[131.3258487,-0.9057289],[131.3258913,-0.9057988],[131.326008,-0.9057277],[131.3259654,-0.9056578],[131.3258487,-0.9057289]]]}, "properties": {"osm_id": 508864847, "osm_type": "ways_poly", "operator": null, "operator_type": null, "staff_count_nurses": null, "health_facility_level": null, "medical_system_western": null, "name": "Gereja Bukit Hermon", "toilets_disposal": null, "health_facility_type": null, "isced_level": null, "opening_hours": null, "military": null, "toilets_handwashing": null, "building": "yes", "status": null, "access": null, "landuse": null, "denomination": null, "health_facility_bed": null, "capacity": null, "staff_count_doctors": null, "religion": "christian", "amenity": "place_of_worship"}},{"type": "Feature", "geometry": {"type":"Polygon","coordinates":[[[131.3333466,-0.9444774],[131.3334351,-0.9444783],[131.3334364,-0.944355],[131.333348,-0.944354],[131.3333466,-0.9444774]]]}, "properties": {"osm_id": 506230169, "osm_type": "ways_poly", "operator": null, "operator_type": null, "staff_count_nurses": null, "health_facility_level": null, "medical_system_western": null, "name": "Puskesmas Pembantu Klabim", "toilets_disposal": null, "health_facility_type": null, "isced_level": null, "opening_hours": null, "military": null, "toilets_handwashing": null, "building": "yes", "status": null, "access": null, "landuse": null, "denomination": null, "health_facility_bed": null, "capacity": null, "staff_count_doctors": null, "religion": null, "amenity": "clinic"}},{"type": "Feature", "geometry": {"type":"Polygon","coordinates":[[[131.333104,-0.9322364],[131.3331443,-0.9329096],[131.3333349,-0.9328982],[131.3332947,-0.932225],[131.333104,-0.9322364]]]}, "properties": {"osm_id": 530185573, "osm_type": "ways_poly", "operator": null, "operator_type": null, "staff_count_nurses": null, "health_facility_level": null, "medical_system_western": null, "name": "Kantor Marinir Yonmarhanlan Lantamal XIV", "toilets_disposal": null, "health_facility_type": null, "isced_level": null, "opening_hours": null, "military": "range", "toilets_handwashing": null, "building": "yes", "status": null, "access": null, "landuse": null, "denomination": null, "health_facility_bed": null, "capacity": null, "staff_count_doctors": null, "religion": null, "amenity": null}},{"type": "Feature", "geometry": {"type":"Polygon","coordinates":[[[131.3333733,-0.9258784],[131.3334406,-0.9258812],[131.3334473,-0.9257203],[131.33338,-0.9257175],[131.3333733,-0.9258784]]]}, "properties": {"osm_id": 506230062, "osm_type": "ways_poly", "operator": null, "operator_type": null, "staff_count_nurses": null, "health_facility_level": null, "medical_system_western": null, "name": "GPI Jalan Suci", "toilets_disposal": null, "health_facility_type": null, "isced_level": null, "opening_hours": null, "military": null, "toilets_handwashing": null, "building": "yes", "status": null, "access": null, "landuse": null, "denomination": null, "health_facility_bed": null, "capacity": null, "staff_count_doctors": null, "religion": "christian", "amenity": "place_of_worship"}},{"type": "Feature", "geometry": {"type":"Polygon","coordinates":[[[131.3332124,-0.9431227],[131.3333122,-0.9431251],[131.3333148,-0.9430111],[131.333215,-0.9430087],[131.3332124,-0.9431227]]]}, "properties": {"osm_id": 506230128, "osm_type": "ways_poly", "operator": null, "operator_type": null, "staff_count_nurses": null, "health_facility_level": null, "medical_system_western": null, "name": "GPDI EL Roy", "toilets_disposal": null, "health_facility_type": null, "isced_level": null, "opening_hours": null, "military": null, "toilets_handwashing": null, "building": "yes", "status": null, "access": null, "landuse": null, "denomination": null, "health_facility_bed": null, "capacity": null, "staff_count_doctors": null, "religion": "christian", "amenity": "place_of_worship"}},{"type": "Feature", "geometry": {"type":"Polygon","coordinates":[[[131.3320684,-0.9130711],[131.3321708,-0.9131466],[131.3322835,-0.9129937],[131.3321811,-0.9129183],[131.3320684,-0.9130711]]]}, "properties": {"osm_id": 506738088, "osm_type": "ways_poly", "operator": null, "operator_type": null, "staff_count_nurses": null, "health_facility_level": null, "medical_system_western": null, "name": "Gereja Advent", "toilets_disposal": null, "health_facility_type": null, "isced_level": null, "opening_hours": null, "military": null, "toilets_handwashing": null, "building": "yes", "status": null, "access": null, "landuse": null, "denomination": null, "health_facility_bed": null, "capacity": null, "staff_count_doctors": null, "religion": "christian", "amenity": "place_of_worship"}},{"type": "Feature", "geometry": {"type":"Polygon","coordinates":[[[131.3307963,-0.9157879],[131.3309411,-0.9158134],[131.3309647,-0.9156792],[131.3308199,-0.9156538],[131.3307963,-0.9157879]]]}, "properties": {"osm_id": 506738030, "osm_type": "ways_poly", "operator": null, "operator_type": null, "staff_count_nurses": null, "health_facility_level": null, "medical_system_western": null, "name": "Masjid Jabal Nur", "toilets_disposal": null, "health_facility_type": null, "isced_level": null, "opening_hours": null, "military": null, "toilets_handwashing": null, "building": "yes", "status": null, "access": null, "landuse": null, "denomination": null, "health_facility_bed": null, "capacity": null, "staff_count_doctors": null, "religion": "muslim", "amenity": "place_of_worship"}},{"type": "Feature", "geometry": {"type":"Polygon","coordinates":[[[131.2663715,-0.8867796],[131.2665179,-0.8868182],[131.2665434,-0.8867217],[131.266397,-0.886683],[131.2663715,-0.8867796]]]}, "properties": {"osm_id": 507851270, "osm_type": "ways_poly", "operator": null, "operator_type": null, "staff_count_nurses": null, "health_facility_level": null, "medical_system_western": null, "name": null, "toilets_disposal": null, "health_facility_type": null, "isced_level": null, "opening_hours": null, "military": null, "toilets_handwashing": null, "building": "yes", "status": null, "access": null, "landuse": null, "denomination": null, "health_facility_bed": null, "capacity": null, "staff_count_doctors": null, "religion": "muslim", "amenity": "place_of_worship"}},{"type": "Feature", "geometry": {"type":"Polygon","coordinates":[[[131.2338798,-0.8873619],[131.2339589,-0.887425],[131.234078,-0.8872755],[131.2339988,-0.8872125],[131.2338798,-0.8873619]]]}, "properties": {"osm_id": 506698916, "osm_type": "ways_poly", "operator": null, "operator_type": null, "staff_count_nurses": null, "health_facility_level": null, "medical_system_western": null, "name": "Gereja Kalfari Pentakosta", "toilets_disposal": null, "health_facility_type": null, "isced_level": null, "opening_hours": null, "military": null, "toilets_handwashing": null, "building": "yes", "status": null, "access": null, "landuse": null, "denomination": null, "health_facility_bed": null, "capacity": null, "staff_count_doctors": null, "religion": "christian", "amenity": "place_of_worship"}},{"type": "Feature", "geometry": {"type":"Polygon","coordinates":[[[131.2351643,-0.8881136],[131.2351656,-0.8882168],[131.2352824,-0.8882153],[131.2352811,-0.8881121],[131.2351643,-0.8881136]]]}, "properties": {"osm_id": 506695766, "osm_type": "ways_poly", "operator": null, "operator_type": null, "staff_count_nurses": null, "health_facility_level": null, "medical_system_western": null, "name": "Gereja Pentakosta GBI", "toilets_disposal": null, "health_facility_type": null, "isced_level": null, "opening_hours": null, "military": null, "toilets_handwashing": null, "building": "yes", "status": null, "access": null, "landuse": null, "denomination": null, "health_facility_bed": null, "capacity": null, "staff_count_doctors": null, "religion": "christian", "amenity": "place_of_worship"}},{"type": "Feature", "geometry": {"type":"Polygon","coordinates":[[[131.2888876,-0.8859332],[131.2889429,-0.8859812],[131.2890649,-0.8858404],[131.2890096,-0.8857924],[131.2888876,-0.8859332]]]}, "properties": {"osm_id": 509574591, "osm_type": "ways_poly", "operator": null, "operator_type": null, "staff_count_nurses": null, "health_facility_level": null, "medical_system_western": null, "name": "Gereja Pantekosta Indonesia", "toilets_disposal": null, "health_facility_type": null, "isced_level": null, "opening_hours": null, "military": null, "toilets_handwashing": null, "building": "yes", "status": null, "access": null, "landuse": null, "denomination": null, "health_facility_bed": null, "capacity": null, "staff_count_doctors": null, "religion": "christian", "amenity": "place_of_worship"}},{"type": "Feature", "geometry": {"type":"Polygon","coordinates":[[[131.2880051,-0.8848068],[131.2881804,-0.8849522],[131.2884607,-0.8846143],[131.2882854,-0.8844689],[131.2880051,-0.8848068]]]}, "properties": {"osm_id": 509574630, "osm_type": "ways_poly", "operator": null, "operator_type": null, "staff_count_nurses": null, "health_facility_level": null, "medical_system_western": null, "name": "GKI Maranatha Sorong", "toilets_disposal": null, "health_facility_type": null, "isced_level": null, "opening_hours": null, "military": null, "toilets_handwashing": null, "building": "yes", "status": null, "access": null, "landuse": null, "denomination": null, "health_facility_bed": null, "capacity": null, "staff_count_doctors": null, "religion": "christian", "amenity": "place_of_worship"}},{"type": "Feature", "geometry": {"type":"Polygon","coordinates":[[[131.285166,-0.883785],[131.2852298,-0.8838182],[131.2852633,-0.8837539],[131.2851995,-0.8837206],[131.285166,-0.883785]]]}, "properties": {"osm_id": 508001876, "osm_type": "ways_poly", "operator": null, "operator_type": null, "staff_count_nurses": null, "health_facility_level": null, "medical_system_western": null, "name": "Polresta Sorong", "toilets_disposal": null, "health_facility_type": null, "isced_level": null, "opening_hours": null, "military": null, "toilets_handwashing": null, "building": "yes", "status": null, "access": null, "landuse": null, "denomination": null, "health_facility_bed": null, "capacity": null, "staff_count_doctors": null, "religion": null, "amenity": "police"}},{"type": "Feature", "geometry": {"type":"Polygon","coordinates":[[[131.2852426,-0.8836951],[131.2853162,-0.8837448],[131.285386,-0.8836415],[131.2853123,-0.8835918],[131.2852426,-0.8836951]]]}, "properties": {"osm_id": 508001875, "osm_type": "ways_poly", "operator": null, "operator_type": null, "staff_count_nurses": null, "health_facility_level": null, "medical_system_western": null, "name": "SPKT Polresta Sorong Kota", "toilets_disposal": null, "health_facility_type": null, "isced_level": null, "opening_hours": null, "military": null, "toilets_handwashing": null, "building": "yes", "status": null, "access": null, "landuse": null, "denomination": null, "health_facility_bed": null, "capacity": null, "staff_count_doctors": null, "religion": null, "amenity": "police"}},{"type": "Feature", "geometry": {"type":"Polygon","coordinates":[[[131.2802424,-0.8834683],[131.2802451,-0.8835703],[131.2802884,-0.8835691],[131.2802857,-0.8834672],[131.2802424,-0.8834683]]]}, "properties": {"osm_id": 508002041, "osm_type": "ways_poly", "operator": null, "operator_type": null, "staff_count_nurses": null, "health_facility_level": null, "medical_system_western": null, "name": null, "toilets_disposal": null, "health_facility_type": null, "isced_level": null, "opening_hours": null, "military": null, "toilets_handwashing": null, "building": "yes", "status": null, "access": null, "landuse": null, "denomination": null, "health_facility_bed": null, "capacity": null, "staff_count_doctors": null, "religion": "muslim", "amenity": "place_of_worship"}},{"type": "Feature", "geometry": {"type":"Polygon","coordinates":[[[131.3217692,-0.9149454],[131.3218417,-0.9149474],[131.3218439,-0.914868],[131.3217714,-0.914866],[131.3217692,-0.9149454]]]}, "properties": {"osm_id": 529843922, "osm_type": "ways_poly", "operator": null, "operator_type": null, "staff_count_nurses": null, "health_facility_level": null, "medical_system_western": null, "name": "Mushola", "toilets_disposal": null, "health_facility_type": null, "isced_level": null, "opening_hours": null, "military": null, "toilets_handwashing": null, "building": "yes", "status": null, "access": null, "landuse": null, "denomination": null, "health_facility_bed": null, "capacity": null, "staff_count_doctors": null, "religion": "muslim", "amenity": "place_of_worship"}},{"type": "Feature", "geometry": {"type":"Polygon","coordinates":[[[131.3247501,-0.9124233],[131.3249607,-0.9124568],[131.3249861,-0.9122974],[131.3247755,-0.9122639],[131.3247501,-0.9124233]]]}, "properties": {"osm_id": 529843923, "osm_type": "ways_poly", "operator": null, "operator_type": null, "staff_count_nurses": null, "health_facility_level": null, "medical_system_western": null, "name": "Masjid Jabal Rahma", "toilets_disposal": null, "health_facility_type": null, "isced_level": null, "opening_hours": null, "military": null, "toilets_handwashing": null, "building": "yes", "status": null, "access": null, "landuse": null, "denomination": null, "health_facility_bed": null, "capacity": null, "staff_count_doctors": null, "religion": "muslim", "amenity": "place_of_worship"}},{"type": "Feature", "geometry": {"type":"Polygon","coordinates":[[[131.3297479,-0.9024859],[131.3297687,-0.9025409],[131.3298536,-0.9025087],[131.3298328,-0.9024538],[131.3297479,-0.9024859]]]}, "properties": {"osm_id": 530141672, "osm_type": "ways_poly", "operator": null, "operator_type": null, "staff_count_nurses": null, "health_facility_level": null, "medical_system_western": null, "name": "GBI Kalvari", "toilets_disposal": null, "health_facility_type": null, "isced_level": null, "opening_hours": null, "military": null, "toilets_handwashing": null, "building": "yes", "status": null, "access": null, "landuse": null, "denomination": null, "health_facility_bed": null, "capacity": null, "staff_count_doctors": null, "religion": "christian", "amenity": "place_of_worship"}},{"type": "Feature", "geometry": {"type":"Polygon","coordinates":[[[131.3278452,-0.9086652],[131.327963,-0.9088318],[131.3282875,-0.9086025],[131.3281698,-0.9084359],[131.3278452,-0.9086652]]]}, "properties": {"osm_id": 508865141, "osm_type": "ways_poly", "operator": null, "operator_type": null, "staff_count_nurses": null, "health_facility_level": null, "medical_system_western": null, "name": "Gereja Eklesia Klasaman", "toilets_disposal": null, "health_facility_type": null, "isced_level": null, "opening_hours": null, "military": null, "toilets_handwashing": null, "building": "yes", "status": null, "access": null, "landuse": null, "denomination": null, "health_facility_bed": null, "capacity": null, "staff_count_doctors": null, "religion": "christian", "amenity": "place_of_worship"}},{"type": "Feature", "geometry": {"type":"Polygon","coordinates":[[[131.2700893,-0.8839624],[131.2701107,-0.8839744],[131.2701166,-0.8840284],[131.2700905,-0.8840304],[131.270092,-0.8840398],[131.2701175,-0.8840379],[131.2701376,-0.8842477],[131.2701115,-0.88425],[131.2701123,-0.8842594],[131.2701385,-0.8842571],[131.2701428,-0.8843131],[131.2701223,-0.8843317],[131.2701278,-0.8843378],[131.270149,-0.8843185],[131.2702018,-0.8843592],[131.2701935,-0.8843885],[131.2702016,-0.8843908],[131.2702091,-0.8843606],[131.27031,-0.8843582],[131.2703223,-0.8843857],[131.2703289,-0.8843828],[131.2703167,-0.8843554],[131.2703608,-0.8843026],[131.2703833,-0.884315],[131.2703881,-0.8843063],[131.2703647,-0.8842934],[131.2703595,-0.8842386],[131.2703824,-0.8842366],[131.2703816,-0.8842271],[131.2703586,-0.8842291],[131.2703393,-0.8840211],[131.2703631,-0.8840193],[131.2703617,-0.8840099],[131.2703385,-0.8840116],[131.2703335,-0.8839571],[131.2703517,-0.8839438],[131.2703454,-0.8839373],[131.2703281,-0.8839491],[131.2702739,-0.8839058],[131.2702827,-0.8838892],[131.2702747,-0.883885],[131.2702646,-0.8839042],[131.2702173,-0.8839068],[131.2701658,-0.8839097],[131.2701562,-0.8838922],[131.270149,-0.8838962],[131.2701592,-0.8839148],[131.2701148,-0.883967],[131.2700934,-0.883955],[131.2700893,-0.8839624]]]}, "properties": {"osm_id": 886757289, "osm_type": "ways_poly", "operator": null, "operator_type": null, "staff_count_nurses": null, "health_facility_level": null, "medical_system_western": null, "name": "Greja Syialom", "toilets_disposal": null, "health_facility_type": null, "isced_level": null, "opening_hours": null, "military": null, "toilets_handwashing": null, "building": "yes", "status": null, "access": null, "landuse": null, "denomination": null, "health_facility_bed": null, "capacity": null, "staff_count_doctors": null, "religion": "christian", "amenity": "place_of_worship"}},{"type": "Feature", "geometry": {"type":"Polygon","coordinates":[[[131.2702855,-0.8852302],[131.2705001,-0.8852852],[131.2705278,-0.8851769],[131.2703133,-0.8851219],[131.2702855,-0.8852302]]]}, "properties": {"osm_id": 508002874, "osm_type": "ways_poly", "operator": null, "operator_type": null, "staff_count_nurses": null, "health_facility_level": null, "medical_system_western": null, "name": "Jemaat Getsemani", "toilets_disposal": null, "health_facility_type": null, "isced_level": null, "opening_hours": null, "military": null, "toilets_handwashing": null, "building": "yes", "status": null, "access": null, "landuse": null, "denomination": null, "health_facility_bed": null, "capacity": null, "staff_count_doctors": null, "religion": "christian", "amenity": "place_of_worship"}},{"type": "Feature", "geometry": {"type":"Polygon","coordinates":[[[131.2726201,-0.8875937],[131.2728123,-0.8877211],[131.2729681,-0.8874859],[131.2727758,-0.8873585],[131.2726201,-0.8875937]]]}, "properties": {"osm_id": 508022902, "osm_type": "ways_poly", "operator": null, "operator_type": null, "staff_count_nurses": null, "health_facility_level": null, "medical_system_western": null, "name": "Jemaat Agape", "toilets_disposal": null, "health_facility_type": null, "isced_level": null, "opening_hours": null, "military": null, "toilets_handwashing": null, "building": "yes", "status": null, "access": null, "landuse": null, "denomination": null, "health_facility_bed": null, "capacity": null, "staff_count_doctors": null, "religion": "christian", "amenity": "place_of_worship"}},{"type": "Feature", "geometry": {"type":"Polygon","coordinates":[[[131.2846228,-0.8837628],[131.2846878,-0.8837997],[131.2847781,-0.8836407],[131.2848746,-0.8836956],[131.2848398,-0.8837569],[131.284907,-0.883795],[131.2849432,-0.8837312],[131.2850228,-0.8837764],[131.2849462,-0.8839112],[131.2850184,-0.8839523],[131.285152,-0.8837172],[131.2849966,-0.8836289],[131.2850198,-0.8835881],[131.2849526,-0.8835499],[131.2849227,-0.8836026],[131.2847648,-0.8835129],[131.2846228,-0.8837628]]]}, "properties": {"osm_id": 508001878, "osm_type": "ways_poly", "operator": null, "operator_type": null, "staff_count_nurses": null, "health_facility_level": null, "medical_system_western": null, "name": "Polresta Sorong Kota", "toilets_disposal": null, "health_facility_type": null, "isced_level": null, "opening_hours": null, "military": null, "toilets_handwashing": null, "building": "yes", "status": null, "access": null, "landuse": null, "denomination": null, "health_facility_bed": null, "capacity": null, "staff_count_doctors": null, "religion": null, "amenity": "police"}},{"type": "Feature", "geometry": {"type":"Polygon","coordinates":[[[131.2997853,-0.8891189],[131.2998122,-0.8892326],[131.2999705,-0.889195],[131.2999435,-0.8890814],[131.2997853,-0.8891189]]]}, "properties": {"osm_id": 529818677, "osm_type": "ways_poly", "operator": null, "operator_type": null, "staff_count_nurses": null, "health_facility_level": null, "medical_system_western": null, "name": "Bethel", "toilets_disposal": null, "health_facility_type": null, "isced_level": null, "opening_hours": null, "military": null, "toilets_handwashing": null, "building": "yes", "status": null, "access": null, "landuse": null, "denomination": null, "health_facility_bed": null, "capacity": "200", "staff_count_doctors": null, "religion": "christian", "amenity": "place_of_worship"}},{"type": "Feature", "geometry": {"type":"Polygon","coordinates":[[[131.2940573,-0.8887821],[131.2941297,-0.8888237],[131.2942171,-0.8886714],[131.2941447,-0.8886298],[131.2940573,-0.8887821]]]}, "properties": {"osm_id": 530131350, "osm_type": "ways_poly", "operator": "Posyandu", "operator_type": "private", "staff_count_nurses": null, "health_facility_level": null, "medical_system_western": null, "name": "Posyandu", "toilets_disposal": null, "health_facility_type": null, "isced_level": null, "opening_hours": null, "military": null, "toilets_handwashing": null, "building": "yes", "status": null, "access": null, "landuse": null, "denomination": null, "health_facility_bed": null, "capacity": null, "staff_count_doctors": null, "religion": null, "amenity": "clinic"}},{"type": "Feature", "geometry": {"type":"Polygon","coordinates":[[[131.3009615,-0.8884729],[131.3009937,-0.8885802],[131.3010797,-0.8885544],[131.3010475,-0.8884471],[131.3009615,-0.8884729]]]}, "properties": {"osm_id": 509574201, "osm_type": "ways_poly", "operator": null, "operator_type": null, "staff_count_nurses": null, "health_facility_level": null, "medical_system_western": null, "name": "GPDI", "toilets_disposal": null, "health_facility_type": null, "isced_level": null, "opening_hours": null, "military": null, "toilets_handwashing": null, "building": "yes", "status": null, "access": null, "landuse": null, "denomination": null, "health_facility_bed": null, "capacity": "150", "staff_count_doctors": null, "religion": "christian", "amenity": "place_of_worship"}},{"type": "Feature", "geometry": {"type":"Polygon","coordinates":[[[131.2868987,-0.8866667],[131.2869363,-0.8869242],[131.2869623,-0.8869204],[131.2869698,-0.8869711],[131.2870713,-0.8869561],[131.2870638,-0.8869056],[131.2870933,-0.8869013],[131.2870558,-0.8866438],[131.2870259,-0.8866482],[131.2870163,-0.8865833],[131.2869148,-0.8865983],[131.2869243,-0.886663],[131.2868987,-0.8866667]]]}, "properties": {"osm_id": 506018994, "osm_type": "ways_poly", "operator": "Ministry of Health", "operator_type": "government", "staff_count_nurses": null, "health_facility_level": null, "medical_system_western": null, "name": "Puskesmas Remu", "toilets_disposal": null, "health_facility_type": null, "isced_level": null, "opening_hours": null, "military": null, "toilets_handwashing": null, "building": "yes", "status": null, "access": null, "landuse": null, "denomination": null, "health_facility_bed": null, "capacity": null, "staff_count_doctors": null, "religion": null, "amenity": "clinic"}},{"type": "Feature", "geometry": {"type":"Polygon","coordinates":[[[131.2870596,-0.8865657],[131.2871495,-0.8866415],[131.2872481,-0.8865246],[131.2871582,-0.8864488],[131.2870596,-0.8865657]]]}, "properties": {"osm_id": 508563927, "osm_type": "ways_poly", "operator": "Ministry of Health", "operator_type": "government", "staff_count_nurses": null, "health_facility_level": null, "medical_system_western": null, "name": "Puskesmas Remu", "toilets_disposal": null, "health_facility_type": null, "isced_level": null, "opening_hours": null, "military": null, "toilets_handwashing": null, "building": "yes", "status": null, "access": null, "landuse": null, "denomination": null, "health_facility_bed": null, "capacity": null, "staff_count_doctors": null, "religion": null, "amenity": "clinic"}},{"type": "Feature", "geometry": {"type":"Polygon","coordinates":[[[131.2868494,-0.8863655],[131.286944,-0.8864379],[131.2870368,-0.8863167],[131.2869423,-0.8862443],[131.2868494,-0.8863655]]]}, "properties": {"osm_id": 508563929, "osm_type": "ways_poly", "operator": "Ministry of Health", "operator_type": "government", "staff_count_nurses": null, "health_facility_level": null, "medical_system_western": null, "name": "Puskesmas Remu", "toilets_disposal": null, "health_facility_type": null, "isced_level": null, "opening_hours": null, "military": null, "toilets_handwashing": null, "building": "yes", "status": null, "access": null, "landuse": null, "denomination": null, "health_facility_bed": null, "capacity": null, "staff_count_doctors": null, "religion": null, "amenity": "clinic"}},{"type": "Feature", "geometry": {"type":"Polygon","coordinates":[[[131.2991021,-0.8835993],[131.2991028,-0.8836527],[131.2992054,-0.8836514],[131.2992047,-0.8835979],[131.2991021,-0.8835993]]]}, "properties": {"osm_id": 530146810, "osm_type": "ways_poly", "operator": "Ministry of Health", "operator_type": "government", "staff_count_nurses": null, "health_facility_level": null, "medical_system_western": null, "name": "Puskesmas Pembantu", "toilets_disposal": null, "health_facility_type": null, "isced_level": null, "opening_hours": null, "military": null, "toilets_handwashing": null, "building": "yes", "status": null, "access": null, "landuse": null, "denomination": null, "health_facility_bed": null, "capacity": null, "staff_count_doctors": null, "religion": null, "amenity": "clinic"}},{"type": "Feature", "geometry": {"type":"Polygon","coordinates":[[[131.2861002,-0.8894437],[131.2861705,-0.8894932],[131.2862561,-0.8893717],[131.2861852,-0.8893218],[131.2861615,-0.8893555],[131.2861315,-0.8893343],[131.2861032,-0.8893744],[131.2861338,-0.889396],[131.2861002,-0.8894437]]]}, "properties": {"osm_id": 508024058, "osm_type": "ways_poly", "operator": null, "operator_type": null, "staff_count_nurses": null, "health_facility_level": null, "medical_system_western": null, "name": "Koramil", "toilets_disposal": null, "health_facility_type": null, "isced_level": null, "opening_hours": null, "military": "range", "toilets_handwashing": null, "building": "yes", "status": null, "access": null, "landuse": "military", "denomination": null, "health_facility_bed": null, "capacity": null, "staff_count_doctors": null, "religion": null, "amenity": null}},{"type": "Feature", "geometry": {"type":"Polygon","coordinates":[[[131.2617154,-0.8750702],[131.2617959,-0.8751533],[131.2619625,-0.8749921],[131.261882,-0.874909],[131.2617154,-0.8750702]]]}, "properties": {"osm_id": 507800499, "osm_type": "ways_poly", "operator": null, "operator_type": null, "staff_count_nurses": null, "health_facility_level": null, "medical_system_western": null, "name": "Gereja GKI Pniel", "toilets_disposal": null, "health_facility_type": null, "isced_level": null, "opening_hours": null, "military": null, "toilets_handwashing": null, "building": "yes", "status": null, "access": null, "landuse": null, "denomination": null, "health_facility_bed": null, "capacity": null, "staff_count_doctors": null, "religion": "christian", "amenity": "place_of_worship"}},{"type": "Feature", "geometry": {"type":"Polygon","coordinates":[[[131.2563725,-0.8457516],[131.2564089,-0.845803],[131.2565055,-0.8457346],[131.256469,-0.8456832],[131.2563725,-0.8457516]]]}, "properties": {"osm_id": 506868044, "osm_type": "ways_poly", "operator": null, "operator_type": null, "staff_count_nurses": null, "health_facility_level": null, "medical_system_western": null, "name": "Puskemas Pembantu Kampung Salak", "toilets_disposal": null, "health_facility_type": null, "isced_level": null, "opening_hours": null, "military": null, "toilets_handwashing": null, "building": "yes", "status": null, "access": null, "landuse": null, "denomination": null, "health_facility_bed": null, "capacity": null, "staff_count_doctors": null, "religion": null, "amenity": "clinic"}},{"type": "Feature", "geometry": {"type":"Polygon","coordinates":[[[131.2564677,-0.8462679],[131.2564985,-0.8463993],[131.2566074,-0.8463737],[131.2565766,-0.8462423],[131.2564677,-0.8462679]]]}, "properties": {"osm_id": 506868048, "osm_type": "ways_poly", "operator": null, "operator_type": null, "staff_count_nurses": null, "health_facility_level": null, "medical_system_western": null, "name": "Mushola Kampung Salak", "toilets_disposal": null, "health_facility_type": null, "isced_level": null, "opening_hours": null, "military": null, "toilets_handwashing": null, "building": "yes", "status": null, "access": null, "landuse": null, "denomination": null, "health_facility_bed": null, "capacity": null, "staff_count_doctors": null, "religion": "muslim", "amenity": "place_of_worship"}},{"type": "Feature", "geometry": {"type":"Polygon","coordinates":[[[131.2527854,-0.8499509],[131.2529624,-0.8499717],[131.2529915,-0.8497235],[131.2528145,-0.8497027],[131.2527854,-0.8499509]]]}, "properties": {"osm_id": 506867881, "osm_type": "ways_poly", "operator": null, "operator_type": null, "staff_count_nurses": null, "health_facility_level": null, "medical_system_western": null, "name": "Gereja Bukit Sion", "toilets_disposal": null, "health_facility_type": null, "isced_level": null, "opening_hours": null, "military": null, "toilets_handwashing": null, "building": "yes", "status": null, "access": null, "landuse": null, "denomination": null, "health_facility_bed": null, "capacity": null, "staff_count_doctors": null, "religion": "christian", "amenity": "place_of_worship"}},{"type": "Feature", "geometry": {"type":"Polygon","coordinates":[[[131.2359368,-0.8887766],[131.2359689,-0.889004],[131.2360735,-0.8889892],[131.2360415,-0.8887618],[131.2359368,-0.8887766]]]}, "properties": {"osm_id": 506695720, "osm_type": "ways_poly", "operator": null, "operator_type": null, "staff_count_nurses": null, "health_facility_level": null, "medical_system_western": null, "name": "Polsek Sorong Kepulauan", "toilets_disposal": null, "health_facility_type": null, "isced_level": null, "opening_hours": null, "military": null, "toilets_handwashing": null, "building": "yes", "status": null, "access": null, "landuse": null, "denomination": null, "health_facility_bed": null, "capacity": null, "staff_count_doctors": null, "religion": null, "amenity": "police"}},{"type": "Feature", "geometry": {"type":"Polygon","coordinates":[[[131.2426129,-0.8764278],[131.2426955,-0.8764578],[131.2427467,-0.8763172],[131.2426641,-0.8762872],[131.2426129,-0.8764278]]]}, "properties": {"osm_id": 507800174, "osm_type": "ways_poly", "operator": null, "operator_type": null, "staff_count_nurses": null, "health_facility_level": null, "medical_system_western": null, "name": "Sat Polairud Polresta Sorong Kota", "toilets_disposal": null, "health_facility_type": null, "isced_level": null, "opening_hours": null, "military": null, "toilets_handwashing": null, "building": "yes", "status": null, "access": null, "landuse": null, "denomination": null, "health_facility_bed": null, "capacity": null, "staff_count_doctors": null, "religion": null, "amenity": "police"}},{"type": "Feature", "geometry": {"type":"Polygon","coordinates":[[[131.2491399,-0.860195],[131.249207,-0.8602004],[131.249211,-0.8602487],[131.2492566,-0.8602876],[131.2493598,-0.8602876],[131.2494148,-0.8602487],[131.2494148,-0.8602098],[131.2495052,-0.8602121],[131.249516,-0.8599828],[131.2495201,-0.8598947],[131.2493773,-0.8598906],[131.2492767,-0.8598853],[131.2491506,-0.8599657],[131.2491399,-0.860195]]]}, "properties": {"osm_id": 507706314, "osm_type": "ways_poly", "operator": null, "operator_type": null, "staff_count_nurses": null, "health_facility_level": null, "medical_system_western": null, "name": "Gereja GPI Jalan Suci", "toilets_disposal": null, "health_facility_type": null, "isced_level": null, "opening_hours": null, "military": null, "toilets_handwashing": null, "building": "yes", "status": null, "access": null, "landuse": null, "denomination": null, "health_facility_bed": null, "capacity": null, "staff_count_doctors": null, "religion": "christian", "amenity": "place_of_worship"}},{"type": "Feature", "geometry": {"type":"Polygon","coordinates":[[[131.2589112,-0.8148544],[131.2589662,-0.8149711],[131.2590402,-0.8149362],[131.2589852,-0.8148196],[131.2589112,-0.8148544]]]}, "properties": {"osm_id": 506743098, "osm_type": "ways_poly", "operator": null, "operator_type": null, "staff_count_nurses": null, "health_facility_level": null, "medical_system_western": null, "name": "Gereja Betlehem", "toilets_disposal": null, "health_facility_type": null, "isced_level": null, "opening_hours": null, "military": null, "toilets_handwashing": null, "building": "yes", "status": null, "access": null, "landuse": null, "denomination": null, "health_facility_bed": null, "capacity": null, "staff_count_doctors": null, "religion": "christian", "amenity": "place_of_worship"}},{"type": "Feature", "geometry": {"type":"Polygon","coordinates":[[[131.2600672,-0.8139582],[131.2601363,-0.8140391],[131.260323,-0.8138797],[131.2602538,-0.8137987],[131.260208,-0.8138379],[131.2601758,-0.8138003],[131.2600853,-0.8138776],[131.2601175,-0.8139152],[131.2600672,-0.8139582]]]}, "properties": {"osm_id": 506743118, "osm_type": "ways_poly", "operator": null, "operator_type": null, "staff_count_nurses": null, "health_facility_level": null, "medical_system_western": null, "name": "Gereja GKI Paulus Saoka", "toilets_disposal": null, "health_facility_type": null, "isced_level": null, "opening_hours": null, "military": null, "toilets_handwashing": null, "building": "yes", "status": null, "access": null, "landuse": null, "denomination": null, "health_facility_bed": null, "capacity": null, "staff_count_doctors": null, "religion": "muslim", "amenity": "place_of_worship"}},{"type": "Feature", "geometry": {"type":"Polygon","coordinates":[[[131.2274049,-0.8211267],[131.227483,-0.821241],[131.2275489,-0.821196],[131.2274708,-0.8210817],[131.2274049,-0.8211267]]]}, "properties": {"osm_id": 506245023, "osm_type": "ways_poly", "operator": null, "operator_type": null, "staff_count_nurses": null, "health_facility_level": null, "medical_system_western": null, "name": "Pustu Kelurahan Tanjung Kasuari", "toilets_disposal": null, "health_facility_type": null, "isced_level": null, "opening_hours": null, "military": null, "toilets_handwashing": null, "building": "yes", "status": null, "access": null, "landuse": null, "denomination": null, "health_facility_bed": null, "capacity": null, "staff_count_doctors": null, "religion": null, "amenity": "clinic"}},{"type": "Feature", "geometry": {"type":"Polygon","coordinates":[[[131.2307567,-0.8190976],[131.2308315,-0.8192116],[131.2307882,-0.8192401],[131.2308358,-0.8193125],[131.230879,-0.8192841],[131.2309422,-0.8193804],[131.2310399,-0.8193163],[131.2309766,-0.8192199],[131.2310078,-0.8191994],[131.2309602,-0.819127],[131.2309291,-0.8191474],[131.2308544,-0.8190335],[131.2307567,-0.8190976]]]}, "properties": {"osm_id": 506245082, "osm_type": "ways_poly", "operator": null, "operator_type": null, "staff_count_nurses": null, "health_facility_level": null, "medical_system_western": null, "name": "Gereja Sion Saupapir", "toilets_disposal": null, "health_facility_type": null, "isced_level": null, "opening_hours": null, "military": null, "toilets_handwashing": null, "building": "yes", "status": null, "access": null, "landuse": null, "denomination": null, "health_facility_bed": null, "capacity": null, "staff_count_doctors": null, "religion": "christian", "amenity": "place_of_worship"}},{"type": "Feature", "geometry": {"type":"Polygon","coordinates":[[[131.2417638,-0.8215888],[131.2418352,-0.8215908],[131.2418406,-0.8214031],[131.2417692,-0.8214011],[131.2417638,-0.8215888]]]}, "properties": {"osm_id": 506853419, "osm_type": "ways_poly", "operator": null, "operator_type": null, "staff_count_nurses": null, "health_facility_level": null, "medical_system_western": null, "name": "Gereja Filadelvia", "toilets_disposal": null, "health_facility_type": null, "isced_level": null, "opening_hours": null, "military": null, "toilets_handwashing": null, "building": "yes", "status": null, "access": null, "landuse": null, "denomination": null, "health_facility_bed": null, "capacity": null, "staff_count_doctors": null, "religion": "christian", "amenity": "place_of_worship"}},{"type": "Feature", "geometry": {"type":"Polygon","coordinates":[[[131.3730311,-0.9498501],[131.3731344,-0.9498501],[131.3731344,-0.9496691],[131.3730311,-0.9496691],[131.3730311,-0.9498501]]]}, "properties": {"osm_id": 506722302, "osm_type": "ways_poly", "operator": null, "operator_type": null, "staff_count_nurses": null, "health_facility_level": null, "medical_system_western": null, "name": "Puskesmas Pembantu kelurahan Kalasaman", "toilets_disposal": null, "health_facility_type": null, "isced_level": null, "opening_hours": null, "military": null, "toilets_handwashing": null, "building": "yes", "status": null, "access": null, "landuse": null, "denomination": null, "health_facility_bed": null, "capacity": null, "staff_count_doctors": null, "religion": null, "amenity": "clinic"}},{"type": "Feature", "geometry": {"type":"Polygon","coordinates":[[[131.2500237,-0.8474747],[131.2500331,-0.8476732],[131.2501662,-0.8476669],[131.2501568,-0.8474684],[131.2500237,-0.8474747]]]}, "properties": {"osm_id": 506868250, "osm_type": "ways_poly", "operator": null, "operator_type": null, "staff_count_nurses": null, "health_facility_level": null, "medical_system_western": null, "name": "Gereja Bethel Kalfari", "toilets_disposal": null, "health_facility_type": null, "isced_level": null, "opening_hours": null, "military": null, "toilets_handwashing": null, "building": "yes", "status": null, "access": null, "landuse": null, "denomination": null, "health_facility_bed": null, "capacity": null, "staff_count_doctors": null, "religion": "christian", "amenity": "place_of_worship"}},{"type": "Feature", "geometry": {"type":"Polygon","coordinates":[[[131.2515284,-0.8537122],[131.2516412,-0.8537726],[131.2516922,-0.8536774],[131.2515794,-0.853617],[131.2515284,-0.8537122]]]}, "properties": {"osm_id": 506867002, "osm_type": "ways_poly", "operator": null, "operator_type": null, "staff_count_nurses": null, "health_facility_level": null, "medical_system_western": null, "name": "GPDI Tiberias", "toilets_disposal": null, "health_facility_type": null, "isced_level": null, "opening_hours": null, "military": null, "toilets_handwashing": null, "building": "yes", "status": null, "access": null, "landuse": null, "denomination": null, "health_facility_bed": null, "capacity": null, "staff_count_doctors": null, "religion": "christian", "amenity": "place_of_worship"}},{"type": "Feature", "geometry": {"type":"Polygon","coordinates":[[[131.2512708,-0.8517108],[131.2512725,-0.8518436],[131.2514028,-0.8518418],[131.251401,-0.8517091],[131.2512708,-0.8517108]]]}, "properties": {"osm_id": 506867639, "osm_type": "ways_poly", "operator": null, "operator_type": null, "staff_count_nurses": null, "health_facility_level": null, "medical_system_western": null, "name": "Mushola Kokoda", "toilets_disposal": null, "health_facility_type": null, "isced_level": null, "opening_hours": null, "military": null, "toilets_handwashing": null, "building": "yes", "status": null, "access": null, "landuse": null, "denomination": null, "health_facility_bed": null, "capacity": null, "staff_count_doctors": null, "religion": "muslim", "amenity": "place_of_worship"}},{"type": "Feature", "geometry": {"type":"Polygon","coordinates":[[[131.3337871,-0.9217329],[131.3338011,-0.9218314],[131.3338993,-0.9218174],[131.3338853,-0.9217189],[131.3337871,-0.9217329]]]}, "properties": {"osm_id": 506738096, "osm_type": "ways_poly", "operator": null, "operator_type": null, "staff_count_nurses": null, "health_facility_level": null, "medical_system_western": null, "name": "GKI Eklesia", "toilets_disposal": null, "health_facility_type": null, "isced_level": null, "opening_hours": null, "military": null, "toilets_handwashing": null, "building": "yes", "status": null, "access": null, "landuse": null, "denomination": null, "health_facility_bed": null, "capacity": null, "staff_count_doctors": null, "religion": "christian", "amenity": "place_of_worship"}},{"type": "Feature", "geometry": {"type":"Polygon","coordinates":[[[131.2735842,-0.8789563],[131.2736499,-0.8791882],[131.2737589,-0.8791574],[131.2736932,-0.8789254],[131.2735842,-0.8789563]]]}, "properties": {"osm_id": 508003283, "osm_type": "ways_poly", "operator": null, "operator_type": null, "staff_count_nurses": null, "health_facility_level": null, "medical_system_western": null, "name": "Gereja Bukit Zaitun", "toilets_disposal": null, "health_facility_type": null, "isced_level": null, "opening_hours": null, "military": null, "toilets_handwashing": null, "building": "yes", "status": null, "access": null, "landuse": null, "denomination": null, "health_facility_bed": null, "capacity": null, "staff_count_doctors": null, "religion": "christian", "amenity": "place_of_worship"}},{"type": "Feature", "geometry": {"type":"Polygon","coordinates":[[[131.274468,-0.8800438],[131.2744948,-0.8803146],[131.2746287,-0.8803014],[131.2746019,-0.8800305],[131.274468,-0.8800438]]]}, "properties": {"osm_id": 508025093, "osm_type": "ways_poly", "operator": null, "operator_type": null, "staff_count_nurses": null, "health_facility_level": null, "medical_system_western": null, "name": "Gereja Betesda", "toilets_disposal": null, "health_facility_type": null, "isced_level": null, "opening_hours": null, "military": null, "toilets_handwashing": null, "building": "yes", "status": null, "access": null, "landuse": null, "denomination": null, "health_facility_bed": null, "capacity": null, "staff_count_doctors": null, "religion": "christian", "amenity": "place_of_worship"}},{"type": "Feature", "geometry": {"type":"Polygon","coordinates":[[[131.2746773,-0.8794517],[131.2747255,-0.8795691],[131.274987,-0.8794618],[131.2749388,-0.8793444],[131.2746773,-0.8794517]]]}, "properties": {"osm_id": 508025060, "osm_type": "ways_poly", "operator": null, "operator_type": null, "staff_count_nurses": null, "health_facility_level": null, "medical_system_western": null, "name": "Gereja Betfage", "toilets_disposal": null, "health_facility_type": null, "isced_level": null, "opening_hours": null, "military": null, "toilets_handwashing": null, "building": "yes", "status": null, "access": null, "landuse": null, "denomination": null, "health_facility_bed": null, "capacity": null, "staff_count_doctors": null, "religion": "christian", "amenity": "place_of_worship"}},{"type": "Feature", "geometry": {"type":"Polygon","coordinates":[[[131.3279294,-0.8926646],[131.3281595,-0.892973],[131.3283712,-0.8928151],[131.3281411,-0.8925067],[131.3279294,-0.8926646]]]}, "properties": {"osm_id": 529875053, "osm_type": "ways_poly", "operator": null, "operator_type": null, "staff_count_nurses": null, "health_facility_level": null, "medical_system_western": null, "name": "Gereja GKI Bethel Malasilen", "toilets_disposal": null, "health_facility_type": null, "isced_level": null, "opening_hours": null, "military": null, "toilets_handwashing": null, "building": "yes", "status": null, "access": null, "landuse": null, "denomination": null, "health_facility_bed": null, "capacity": null, "staff_count_doctors": null, "religion": "christian", "amenity": "place_of_worship"}},{"type": "Feature", "geometry": {"type":"Polygon","coordinates":[[[131.3330079,-0.9131218],[131.3330279,-0.9131224],[131.3330256,-0.9131891],[131.3332464,-0.9131967],[131.333253,-0.9130014],[131.3330323,-0.9129939],[131.3330298,-0.9130655],[131.3330099,-0.9130648],[131.3330079,-0.9131218]]]}, "properties": {"osm_id": 506738091, "osm_type": "ways_poly", "operator": null, "operator_type": null, "staff_count_nurses": null, "health_facility_level": null, "medical_system_western": null, "name": "Masjid Baitturahman", "toilets_disposal": null, "health_facility_type": null, "isced_level": null, "opening_hours": null, "military": null, "toilets_handwashing": null, "building": "yes", "status": null, "access": null, "landuse": null, "denomination": null, "health_facility_bed": null, "capacity": null, "staff_count_doctors": null, "religion": "muslim", "amenity": "place_of_worship"}},{"type": "Feature", "geometry": {"type":"Polygon","coordinates":[[[131.3295733,-0.8965176],[131.3297044,-0.8967432],[131.3297563,-0.8967137],[131.3297029,-0.8966199],[131.3297367,-0.8966317],[131.3297825,-0.8965005],[131.3296692,-0.8964609],[131.3295733,-0.8965176]]]}, "properties": {"osm_id": 510619809, "osm_type": "ways_poly", "operator": null, "operator_type": null, "staff_count_nurses": null, "health_facility_level": null, "medical_system_western": null, "name": "Masjid Masmansyur", "toilets_disposal": null, "health_facility_type": null, "isced_level": null, "opening_hours": null, "military": null, "toilets_handwashing": null, "building": "yes", "status": null, "access": null, "landuse": null, "denomination": null, "health_facility_bed": null, "capacity": null, "staff_count_doctors": null, "religion": "muslim", "amenity": "place_of_worship"}},{"type": "Feature", "geometry": {"type":"Polygon","coordinates":[[[131.3295364,-0.8964596],[131.3295649,-0.8965126],[131.3296722,-0.8964549],[131.3296437,-0.8964019],[131.3295364,-0.8964596]]]}, "properties": {"osm_id": 510619812, "osm_type": "ways_poly", "operator": null, "operator_type": null, "staff_count_nurses": null, "health_facility_level": null, "medical_system_western": null, "name": "Masjid Masmansyur", "toilets_disposal": null, "health_facility_type": null, "isced_level": null, "opening_hours": null, "military": null, "toilets_handwashing": null, "building": "yes", "status": null, "access": null, "landuse": null, "denomination": null, "health_facility_bed": null, "capacity": null, "staff_count_doctors": null, "religion": "muslim", "amenity": "place_of_worship"}},{"type": "Feature", "geometry": {"type":"Polygon","coordinates":[[[131.2097986,-0.8833298],[131.2098002,-0.8834086],[131.2098646,-0.8834072],[131.209863,-0.8833284],[131.2097986,-0.8833298]]]}, "properties": {"osm_id": 530205323, "osm_type": "ways_poly", "operator": null, "operator_type": null, "staff_count_nurses": null, "health_facility_level": null, "medical_system_western": null, "name": "Gereja Patmos Soop", "toilets_disposal": null, "health_facility_type": null, "isced_level": null, "opening_hours": null, "military": null, "toilets_handwashing": null, "building": "yes", "status": null, "access": null, "landuse": null, "denomination": null, "health_facility_bed": null, "capacity": null, "staff_count_doctors": null, "religion": "christian", "amenity": "place_of_worship"}},{"type": "Feature", "geometry": {"type":"Polygon","coordinates":[[[131.1980559,-0.8866345],[131.1981611,-0.8868581],[131.1982523,-0.8868152],[131.1981471,-0.8865916],[131.1980559,-0.8866345]]]}, "properties": {"osm_id": 506501338, "osm_type": "ways_poly", "operator": null, "operator_type": null, "staff_count_nurses": null, "health_facility_level": null, "medical_system_western": null, "name": "Gereja Imanuel Soop", "toilets_disposal": null, "health_facility_type": null, "isced_level": null, "opening_hours": null, "military": null, "toilets_handwashing": null, "building": "yes", "status": null, "access": null, "landuse": null, "denomination": null, "health_facility_bed": null, "capacity": null, "staff_count_doctors": null, "religion": "christian", "amenity": "place_of_worship"}},{"type": "Feature", "geometry": {"type":"Polygon","coordinates":[[[131.1983664,-0.8853922],[131.1984136,-0.885486],[131.198584,-0.8854001],[131.1985367,-0.8853063],[131.1983664,-0.8853922]]]}, "properties": {"osm_id": 506501462, "osm_type": "ways_poly", "operator": null, "operator_type": null, "staff_count_nurses": null, "health_facility_level": null, "medical_system_western": null, "name": "Puskesmas Pembantu Soop", "toilets_disposal": null, "health_facility_type": null, "isced_level": null, "opening_hours": null, "military": null, "toilets_handwashing": null, "building": "yes", "status": null, "access": null, "landuse": null, "denomination": null, "health_facility_bed": null, "capacity": null, "staff_count_doctors": null, "religion": null, "amenity": "clinic"}},{"type": "Feature", "geometry": {"type":"Polygon","coordinates":[[[131.2025871,-0.8839558],[131.2027192,-0.8839875],[131.2027456,-0.8838779],[131.2026135,-0.8838461],[131.2025871,-0.8839558]]]}, "properties": {"osm_id": 506504202, "osm_type": "ways_poly", "operator": null, "operator_type": null, "staff_count_nurses": null, "health_facility_level": null, "medical_system_western": null, "name": "Masjid Al Jihad", "toilets_disposal": null, "health_facility_type": null, "isced_level": null, "opening_hours": null, "military": null, "toilets_handwashing": null, "building": "yes", "status": null, "access": null, "landuse": null, "denomination": null, "health_facility_bed": null, "capacity": null, "staff_count_doctors": null, "religion": "muslim", "amenity": "place_of_worship"}},{"type": "Feature", "geometry": {"type":"Polygon","coordinates":[[[131.2351642,-0.8860803],[131.2352339,-0.8862103],[131.2354982,-0.8860687],[131.2354285,-0.8859386],[131.2351642,-0.8860803]]]}, "properties": {"osm_id": 506699141, "osm_type": "ways_poly", "operator": null, "operator_type": null, "staff_count_nurses": null, "health_facility_level": null, "medical_system_western": null, "name": "Gereja Bethel Dum", "toilets_disposal": null, "health_facility_type": null, "isced_level": null, "opening_hours": null, "military": null, "toilets_handwashing": null, "building": "yes", "status": null, "access": null, "landuse": null, "denomination": null, "health_facility_bed": null, "capacity": null, "staff_count_doctors": null, "religion": "christian", "amenity": "place_of_worship"}},{"type": "Feature", "geometry": {"type":"Polygon","coordinates":[[[131.236508,-0.8882758],[131.236622,-0.8885668],[131.2367812,-0.8885045],[131.2366672,-0.8882135],[131.236508,-0.8882758]]]}, "properties": {"osm_id": 506695538, "osm_type": "ways_poly", "operator": null, "operator_type": null, "staff_count_nurses": null, "health_facility_level": null, "medical_system_western": null, "name": "Puskesmas Doom", "toilets_disposal": null, "health_facility_type": null, "isced_level": null, "opening_hours": null, "military": null, "toilets_handwashing": null, "building": "yes", "status": null, "access": null, "landuse": null, "denomination": null, "health_facility_bed": null, "capacity": null, "staff_count_doctors": null, "religion": null, "amenity": "clinic"}},{"type": "Feature", "geometry": {"type":"Polygon","coordinates":[[[131.2388282,-0.8883643],[131.238938,-0.8885181],[131.2389943,-0.8884778],[131.2388845,-0.8883241],[131.2388282,-0.8883643]]]}, "properties": {"osm_id": 506699999, "osm_type": "ways_poly", "operator": null, "operator_type": null, "staff_count_nurses": null, "health_facility_level": null, "medical_system_western": null, "name": "Gereja Bethel Doom/Paud", "toilets_disposal": null, "health_facility_type": null, "isced_level": null, "opening_hours": null, "military": null, "toilets_handwashing": null, "building": "yes", "status": null, "access": null, "landuse": null, "denomination": null, "health_facility_bed": null, "capacity": null, "staff_count_doctors": null, "religion": "christian", "amenity": "place_of_worship"}},{"type": "Feature", "geometry": {"type":"Polygon","coordinates":[[[131.1883324,-0.8975546],[131.188424,-0.8975782],[131.1884673,-0.8974099],[131.1883757,-0.8973863],[131.1883324,-0.8975546]]]}, "properties": {"osm_id": 506502502, "osm_type": "ways_poly", "operator": null, "operator_type": null, "staff_count_nurses": null, "health_facility_level": null, "medical_system_western": null, "name": "Gereja Marthen Luther", "toilets_disposal": null, "health_facility_type": null, "isced_level": null, "opening_hours": null, "military": null, "toilets_handwashing": null, "building": "yes", "status": null, "access": null, "landuse": null, "denomination": null, "health_facility_bed": null, "capacity": null, "staff_count_doctors": null, "religion": "christian", "amenity": "place_of_worship"}},{"type": "Feature", "geometry": {"type":"Polygon","coordinates":[[[131.2335549,-0.8889275],[131.2336057,-0.8889636],[131.2336486,-0.8889033],[131.2335978,-0.8888672],[131.2335549,-0.8889275]]]}, "properties": {"osm_id": 506697245, "osm_type": "ways_poly", "operator": null, "operator_type": null, "staff_count_nurses": null, "health_facility_level": null, "medical_system_western": null, "name": "Posyandu Kamboja", "toilets_disposal": null, "health_facility_type": null, "isced_level": null, "opening_hours": null, "military": null, "toilets_handwashing": null, "building": "yes", "status": null, "access": null, "landuse": null, "denomination": null, "health_facility_bed": null, "capacity": null, "staff_count_doctors": null, "religion": null, "amenity": "clinic"}},{"type": "Feature", "geometry": {"type":"Polygon","coordinates":[[[131.2341044,-0.8897118],[131.2343462,-0.8897797],[131.2344119,-0.8895453],[131.2341702,-0.8894775],[131.2341044,-0.8897118]]]}, "properties": {"osm_id": 506698010, "osm_type": "ways_poly", "operator": null, "operator_type": null, "staff_count_nurses": null, "health_facility_level": null, "medical_system_western": null, "name": "Masjid Jami Dum", "toilets_disposal": null, "health_facility_type": null, "isced_level": null, "opening_hours": null, "military": null, "toilets_handwashing": null, "building": "yes", "status": null, "access": null, "landuse": null, "denomination": null, "health_facility_bed": null, "capacity": null, "staff_count_doctors": null, "religion": "muslim", "amenity": "place_of_worship"}},{"type": "Feature", "geometry": {"type":"Polygon","coordinates":[[[131.2371759,-0.887242],[131.2372108,-0.8873305],[131.2373368,-0.8872808],[131.2373019,-0.8871923],[131.2371759,-0.887242]]]}, "properties": {"osm_id": 506695635, "osm_type": "ways_poly", "operator": null, "operator_type": null, "staff_count_nurses": null, "health_facility_level": null, "medical_system_western": null, "name": "Gereja Baptis Indonesia", "toilets_disposal": null, "health_facility_type": null, "isced_level": null, "opening_hours": null, "military": null, "toilets_handwashing": null, "building": "yes", "status": null, "access": null, "landuse": null, "denomination": null, "health_facility_bed": null, "capacity": null, "staff_count_doctors": null, "religion": "christian", "amenity": "place_of_worship"}},{"type": "Feature", "geometry": {"type":"Polygon","coordinates":[[[131.2375313,-0.8868075],[131.2375742,-0.8869041],[131.2377183,-0.8869021],[131.2377459,-0.8867995],[131.2376359,-0.8867083],[131.2375313,-0.8868075]]]}, "properties": {"osm_id": 506697659, "osm_type": "ways_poly", "operator": null, "operator_type": null, "staff_count_nurses": null, "health_facility_level": null, "medical_system_western": null, "name": "Gereja Katolik", "toilets_disposal": null, "health_facility_type": null, "isced_level": null, "opening_hours": null, "military": null, "toilets_handwashing": null, "building": "yes", "status": null, "access": null, "landuse": null, "denomination": null, "health_facility_bed": null, "capacity": null, "staff_count_doctors": null, "religion": "christian", "amenity": "place_of_worship"}},{"type": "Feature", "geometry": {"type":"Polygon","coordinates":[[[131.2382621,-0.8857607],[131.2383521,-0.8857616],[131.2383534,-0.8856181],[131.2382634,-0.8856172],[131.2382621,-0.8857607]]]}, "properties": {"osm_id": 506699609, "osm_type": "ways_poly", "operator": null, "operator_type": null, "staff_count_nurses": null, "health_facility_level": null, "medical_system_western": null, "name": "Gereja Misi Kalvari/Paud Misi Kalvari", "toilets_disposal": null, "health_facility_type": null, "isced_level": null, "opening_hours": null, "military": null, "toilets_handwashing": null, "building": "yes", "status": null, "access": null, "landuse": null, "denomination": null, "health_facility_bed": null, "capacity": null, "staff_count_doctors": null, "religion": "christian", "amenity": "place_of_worship"}},{"type": "Feature", "geometry": {"type":"Polygon","coordinates":[[[131.23841,-0.8856819],[131.2386659,-0.8857535],[131.238694,-0.8856529],[131.2384382,-0.8855813],[131.23841,-0.8856819]]]}, "properties": {"osm_id": 506699628, "osm_type": "ways_poly", "operator": null, "operator_type": null, "staff_count_nurses": null, "health_facility_level": null, "medical_system_western": null, "name": "Gereja Advent", "toilets_disposal": null, "health_facility_type": null, "isced_level": null, "opening_hours": null, "military": null, "toilets_handwashing": null, "building": "yes", "status": null, "access": null, "landuse": null, "denomination": null, "health_facility_bed": null, "capacity": null, "staff_count_doctors": null, "religion": "christian", "amenity": "place_of_worship"}},{"type": "Feature", "geometry": {"type":"Polygon","coordinates":[[[131.3364988,-0.9468022],[131.3365448,-0.9468839],[131.3366293,-0.9468363],[131.3365833,-0.9467546],[131.3364988,-0.9468022]]]}, "properties": {"osm_id": 508560119, "osm_type": "ways_poly", "operator": null, "operator_type": null, "staff_count_nurses": null, "health_facility_level": null, "medical_system_western": null, "name": "GBI Rumah Doa", "toilets_disposal": null, "health_facility_type": null, "isced_level": null, "opening_hours": null, "military": null, "toilets_handwashing": null, "building": "yes", "status": null, "access": null, "landuse": null, "denomination": null, "health_facility_bed": null, "capacity": null, "staff_count_doctors": null, "religion": "christian", "amenity": "place_of_worship"}},{"type": "Feature", "geometry": {"type":"Polygon","coordinates":[[[131.3337779,-0.9448685],[131.3339334,-0.9448845],[131.3339467,-0.9447566],[131.3337911,-0.9447405],[131.3337779,-0.9448685]]]}, "properties": {"osm_id": 508560165, "osm_type": "ways_poly", "operator": null, "operator_type": null, "staff_count_nurses": null, "health_facility_level": null, "medical_system_western": null, "name": "GKI Eklesia", "toilets_disposal": null, "health_facility_type": null, "isced_level": null, "opening_hours": null, "military": null, "toilets_handwashing": null, "building": "yes", "status": null, "access": null, "landuse": null, "denomination": null, "health_facility_bed": null, "capacity": null, "staff_count_doctors": null, "religion": "christian", "amenity": "place_of_worship"}},{"type": "Feature", "geometry": {"type":"Polygon","coordinates":[[[131.3353206,-0.9143403],[131.3353692,-0.9144315],[131.3354394,-0.9143941],[131.3353908,-0.9143029],[131.3353206,-0.9143403]]]}, "properties": {"osm_id": 508856970, "osm_type": "ways_poly", "operator": null, "operator_type": null, "staff_count_nurses": null, "health_facility_level": null, "medical_system_western": null, "name": "GBI Torsina", "toilets_disposal": null, "health_facility_type": null, "isced_level": null, "opening_hours": null, "military": null, "toilets_handwashing": null, "building": "yes", "status": null, "access": null, "landuse": null, "denomination": null, "health_facility_bed": null, "capacity": null, "staff_count_doctors": null, "religion": "christian", "amenity": "place_of_worship"}},{"type": "Feature", "geometry": {"type":"Polygon","coordinates":[[[131.2550086,-0.8776515],[131.2551409,-0.877683],[131.2551812,-0.8775141],[131.2550488,-0.8774826],[131.2550086,-0.8776515]]]}, "properties": {"osm_id": 507800057, "osm_type": "ways_poly", "operator": null, "operator_type": null, "staff_count_nurses": null, "health_facility_level": null, "medical_system_western": null, "name": "Gereja GKI Manoi", "toilets_disposal": null, "health_facility_type": null, "isced_level": null, "opening_hours": null, "military": null, "toilets_handwashing": null, "building": "yes", "status": null, "access": null, "landuse": null, "denomination": null, "health_facility_bed": null, "capacity": null, "staff_count_doctors": null, "religion": "christian", "amenity": "place_of_worship"}},{"type": "Feature", "geometry": {"type":"Polygon","coordinates":[[[131.251629,-0.8641467],[131.2516344,-0.8642179],[131.2516665,-0.8642816],[131.2517206,-0.8643282],[131.2517884,-0.8643506],[131.2518597,-0.8643453],[131.2519234,-0.8643131],[131.25197,-0.864259],[131.2519924,-0.8641912],[131.2519871,-0.86412],[131.2519549,-0.8640562],[131.2519008,-0.8640096],[131.251833,-0.8639873],[131.2517618,-0.8639926],[131.251698,-0.8640248],[131.2516514,-0.8640789],[131.251629,-0.8641467]]]}, "properties": {"osm_id": 507802392, "osm_type": "ways_poly", "operator": null, "operator_type": null, "staff_count_nurses": null, "health_facility_level": null, "medical_system_western": null, "name": "Katedral Kristus Raja", "toilets_disposal": null, "health_facility_type": null, "isced_level": null, "opening_hours": null, "military": null, "toilets_handwashing": null, "building": "cathedral", "status": null, "access": null, "landuse": null, "denomination": "roman_catholic", "health_facility_bed": null, "capacity": null, "staff_count_doctors": null, "religion": "christian", "amenity": "place_of_worship"}},{"type": "Feature", "geometry": {"type":"Polygon","coordinates":[[[131.3203063,-0.8784299],[131.320367,-0.8785296],[131.3205078,-0.8784438],[131.3204471,-0.8783441],[131.3203063,-0.8784299]]]}, "properties": {"osm_id": 529875083, "osm_type": "ways_poly", "operator": null, "operator_type": null, "staff_count_nurses": null, "health_facility_level": null, "medical_system_western": null, "name": "Gereja GKI Efata Matalamagi", "toilets_disposal": null, "health_facility_type": null, "isced_level": null, "opening_hours": null, "military": null, "toilets_handwashing": null, "building": "yes", "status": null, "access": null, "landuse": null, "denomination": null, "health_facility_bed": null, "capacity": null, "staff_count_doctors": null, "religion": "christian", "amenity": "place_of_worship"}},{"type": "Feature", "geometry": {"type":"Polygon","coordinates":[[[131.3198359,-0.8801867],[131.3199079,-0.8803058],[131.3199212,-0.8802978],[131.3200056,-0.8802468],[131.3200295,-0.8802323],[131.3199575,-0.8801132],[131.3198359,-0.8801867]]]}, "properties": {"osm_id": 509729362, "osm_type": "ways_poly", "operator": null, "operator_type": null, "staff_count_nurses": null, "health_facility_level": null, "medical_system_western": null, "name": "Masjid Fasta Baikulkhairat", "toilets_disposal": null, "health_facility_type": null, "isced_level": null, "opening_hours": null, "military": null, "toilets_handwashing": null, "building": "yes", "status": null, "access": null, "landuse": null, "denomination": null, "health_facility_bed": null, "capacity": null, "staff_count_doctors": null, "religion": "muslim", "amenity": "place_of_worship"}},{"type": "Feature", "geometry": {"type":"Polygon","coordinates":[[[131.324975,-0.8948924],[131.325026,-0.8949658],[131.3251102,-0.8949073],[131.3250593,-0.8948339],[131.324975,-0.8948924]]]}, "properties": {"osm_id": 510603118, "osm_type": "ways_poly", "operator": null, "operator_type": null, "staff_count_nurses": null, "health_facility_level": null, "medical_system_western": null, "name": "Masjid Al-Ikhlas Harapan Indah", "toilets_disposal": null, "health_facility_type": null, "isced_level": null, "opening_hours": null, "military": null, "toilets_handwashing": null, "building": "yes", "status": null, "access": null, "landuse": null, "denomination": null, "health_facility_bed": null, "capacity": null, "staff_count_doctors": null, "religion": "muslim", "amenity": "place_of_worship"}},{"type": "Feature", "geometry": {"type":"Polygon","coordinates":[[[131.3244349,-0.8953892],[131.3244889,-0.8954633],[131.3245667,-0.8954067],[131.3245127,-0.8953325],[131.3244349,-0.8953892]]]}, "properties": {"osm_id": 510664737, "osm_type": "ways_poly", "operator": null, "operator_type": null, "staff_count_nurses": null, "health_facility_level": null, "medical_system_western": null, "name": "Mushola Harapan Indah", "toilets_disposal": null, "health_facility_type": null, "isced_level": null, "opening_hours": null, "military": null, "toilets_handwashing": null, "building": "yes", "status": null, "access": null, "landuse": null, "denomination": null, "health_facility_bed": null, "capacity": null, "staff_count_doctors": null, "religion": "muslim", "amenity": "place_of_worship"}},{"type": "Feature", "geometry": {"type":"Polygon","coordinates":[[[131.3212112,-0.8945018],[131.3213024,-0.8946483],[131.3213975,-0.8945891],[131.3213063,-0.8944426],[131.3212112,-0.8945018]]]}, "properties": {"osm_id": 509171296, "osm_type": "ways_poly", "operator": null, "operator_type": null, "staff_count_nurses": null, "health_facility_level": null, "medical_system_western": null, "name": "Gereja Efrata Harapan Indah", "toilets_disposal": null, "health_facility_type": null, "isced_level": null, "opening_hours": null, "military": null, "toilets_handwashing": null, "building": "yes", "status": null, "access": null, "landuse": null, "denomination": null, "health_facility_bed": null, "capacity": null, "staff_count_doctors": null, "religion": "christian", "amenity": "place_of_worship"}},{"type": "Feature", "geometry": {"type":"Polygon","coordinates":[[[131.2887909,-0.8068602],[131.2889032,-0.8068747],[131.2889148,-0.806784],[131.2888025,-0.8067696],[131.2887909,-0.8068602]]]}, "properties": {"osm_id": 507841005, "osm_type": "ways_poly", "operator": null, "operator_type": null, "staff_count_nurses": null, "health_facility_level": null, "medical_system_western": null, "name": "Gereja", "toilets_disposal": null, "health_facility_type": null, "isced_level": null, "opening_hours": null, "military": null, "toilets_handwashing": null, "building": "yes", "status": null, "access": null, "landuse": null, "denomination": null, "health_facility_bed": null, "capacity": null, "staff_count_doctors": null, "religion": "christian", "amenity": "place_of_worship"}},{"type": "Feature", "geometry": {"type":"Polygon","coordinates":[[[131.288504,-0.8069106],[131.2887042,-0.8069712],[131.2887659,-0.8067673],[131.2885657,-0.8067068],[131.288504,-0.8069106]]]}, "properties": {"osm_id": 507841006, "osm_type": "ways_poly", "operator": null, "operator_type": null, "staff_count_nurses": null, "health_facility_level": null, "medical_system_western": null, "name": "Mushola", "toilets_disposal": null, "health_facility_type": null, "isced_level": null, "opening_hours": null, "military": null, "toilets_handwashing": null, "building": "yes", "status": null, "access": null, "landuse": null, "denomination": null, "health_facility_bed": null, "capacity": null, "staff_count_doctors": null, "religion": "muslim", "amenity": "place_of_worship"}},{"type": "Feature", "geometry": {"type":"Polygon","coordinates":[[[131.2753209,-0.8753464],[131.275351,-0.8754251],[131.2754878,-0.8753728],[131.2754577,-0.8752941],[131.2753209,-0.8753464]]]}, "properties": {"osm_id": 507083536, "osm_type": "ways_poly", "operator": null, "operator_type": null, "staff_count_nurses": null, "health_facility_level": null, "medical_system_western": null, "name": "Gereja GBAI Bukit Sion", "toilets_disposal": null, "health_facility_type": null, "isced_level": null, "opening_hours": null, "military": null, "toilets_handwashing": null, "building": "yes", "status": null, "access": null, "landuse": null, "denomination": null, "health_facility_bed": null, "capacity": null, "staff_count_doctors": null, "religion": "christian", "amenity": "place_of_worship"}},{"type": "Feature", "geometry": {"type":"Polygon","coordinates":[[[131.2800201,-0.8847941],[131.2800363,-0.8848645],[131.2801878,-0.8848296],[131.2801716,-0.8847593],[131.2800201,-0.8847941]]]}, "properties": {"osm_id": 508002057, "osm_type": "ways_poly", "operator": null, "operator_type": null, "staff_count_nurses": null, "health_facility_level": null, "medical_system_western": null, "name": "Gereja GPDI", "toilets_disposal": null, "health_facility_type": null, "isced_level": null, "opening_hours": null, "military": null, "toilets_handwashing": null, "building": "yes", "status": null, "access": null, "landuse": null, "denomination": null, "health_facility_bed": null, "capacity": null, "staff_count_doctors": null, "religion": "christian", "amenity": "place_of_worship"}},{"type": "Feature", "geometry": {"type":"Polygon","coordinates":[[[131.2776429,-0.8905483],[131.2777252,-0.8905559],[131.2777332,-0.8904702],[131.2776508,-0.8904626],[131.2776429,-0.8905483]]]}, "properties": {"osm_id": 508024008, "osm_type": "ways_poly", "operator": null, "operator_type": null, "staff_count_nurses": null, "health_facility_level": null, "medical_system_western": null, "name": "Masjid Al Iklas", "toilets_disposal": null, "health_facility_type": null, "isced_level": null, "opening_hours": null, "military": null, "toilets_handwashing": null, "building": "yes", "status": null, "access": null, "landuse": null, "denomination": null, "health_facility_bed": null, "capacity": null, "staff_count_doctors": null, "religion": "muslim", "amenity": "place_of_worship"}},{"type": "Feature", "geometry": {"type":"Polygon","coordinates":[[[131.2492431,-0.8670175],[131.2493698,-0.8670248],[131.2493766,-0.8669078],[131.2492499,-0.8669005],[131.2492431,-0.8670175]]]}, "properties": {"osm_id": 529825993, "osm_type": "ways_poly", "operator": null, "operator_type": null, "staff_count_nurses": null, "health_facility_level": null, "medical_system_western": null, "name": "Gereja Kemah Injil", "toilets_disposal": null, "health_facility_type": null, "isced_level": null, "opening_hours": null, "military": null, "toilets_handwashing": null, "building": "yes", "status": null, "access": null, "landuse": null, "denomination": null, "health_facility_bed": null, "capacity": null, "staff_count_doctors": null, "religion": "christian", "amenity": "place_of_worship"}},{"type": "Feature", "geometry": {"type":"Polygon","coordinates":[[[131.251741,-0.867182],[131.2520908,-0.8671906],[131.2520996,-0.866951],[131.2519882,-0.8669469],[131.2519823,-0.8671067],[131.2518452,-0.8671017],[131.2518512,-0.8669402],[131.2517527,-0.8669366],[131.251741,-0.867182]]]}, "properties": {"osm_id": 507798114, "osm_type": "ways_poly", "operator": null, "operator_type": null, "staff_count_nurses": null, "health_facility_level": null, "medical_system_western": null, "name": "TK/ SD/ SMP Gereja Kalam Kudus", "toilets_disposal": null, "health_facility_type": null, "isced_level": null, "opening_hours": null, "military": null, "toilets_handwashing": null, "building": "yes", "status": null, "access": null, "landuse": null, "denomination": null, "health_facility_bed": null, "capacity": null, "staff_count_doctors": null, "religion": null, "amenity": "school"}},{"type": "Feature", "geometry": {"type":"Polygon","coordinates":[[[131.2944397,-0.8787578],[131.2945645,-0.8787973],[131.2946061,-0.8786658],[131.2944813,-0.8786264],[131.2944397,-0.8787578]]]}, "properties": {"osm_id": 508999322, "osm_type": "ways_poly", "operator": null, "operator_type": null, "staff_count_nurses": null, "health_facility_level": null, "medical_system_western": null, "name": "Masjid Al Huriah", "toilets_disposal": null, "health_facility_type": null, "isced_level": null, "opening_hours": null, "military": null, "toilets_handwashing": null, "building": "yes", "status": null, "access": null, "landuse": null, "denomination": null, "health_facility_bed": null, "capacity": null, "staff_count_doctors": null, "religion": "muslim", "amenity": "place_of_worship"}},{"type": "Feature", "geometry": {"type":"Polygon","coordinates":[[[131.2935097,-0.8825118],[131.293533,-0.8826097],[131.2935893,-0.8825963],[131.293566,-0.8824984],[131.2935097,-0.8825118]]]}, "properties": {"osm_id": 530131351, "osm_type": "ways_poly", "operator": "Posyandu", "operator_type": "private", "staff_count_nurses": null, "health_facility_level": null, "medical_system_western": null, "name": "Posyandu", "toilets_disposal": null, "health_facility_type": null, "isced_level": null, "opening_hours": null, "military": null, "toilets_handwashing": null, "building": "yes", "status": null, "access": null, "landuse": null, "denomination": null, "health_facility_bed": null, "capacity": null, "staff_count_doctors": null, "religion": null, "amenity": "clinic"}},{"type": "Feature", "geometry": {"type":"Polygon","coordinates":[[[131.2963642,-0.8814571],[131.2965251,-0.8814571],[131.2965251,-0.8812546],[131.2963642,-0.8812546],[131.2963642,-0.8814571]]]}, "properties": {"osm_id": 530146802, "osm_type": "ways_poly", "operator": "Ministry of Health", "operator_type": "government", "staff_count_nurses": null, "health_facility_level": null, "medical_system_western": null, "name": "Puskesmas Malaimsimsa", "toilets_disposal": null, "health_facility_type": null, "isced_level": null, "opening_hours": null, "military": null, "toilets_handwashing": null, "building": "yes", "status": null, "access": null, "landuse": null, "denomination": null, "health_facility_bed": null, "capacity": null, "staff_count_doctors": null, "religion": null, "amenity": "clinic"}},{"type": "Feature", "geometry": {"type":"Polygon","coordinates":[[[131.2887007,-0.8875559],[131.2888138,-0.8876416],[131.2888589,-0.8875821],[131.2887458,-0.8874964],[131.2887007,-0.8875559]]]}, "properties": {"osm_id": 509014777, "osm_type": "ways_poly", "operator": null, "operator_type": null, "staff_count_nurses": null, "health_facility_level": null, "medical_system_western": null, "name": "Masjid Al Hikma", "toilets_disposal": null, "health_facility_type": null, "isced_level": null, "opening_hours": null, "military": null, "toilets_handwashing": null, "building": "yes", "status": null, "access": null, "landuse": null, "denomination": null, "health_facility_bed": null, "capacity": null, "staff_count_doctors": null, "religion": "muslim", "amenity": "place_of_worship"}},{"type": "Feature", "geometry": {"type":"Polygon","coordinates":[[[131.2887571,-0.8896161],[131.2889489,-0.8896724],[131.2890042,-0.889484],[131.2888125,-0.8894277],[131.2887571,-0.8896161]]]}, "properties": {"osm_id": 886815668, "osm_type": "ways_poly", "operator": null, "operator_type": null, "staff_count_nurses": null, "health_facility_level": null, "medical_system_western": null, "name": null, "toilets_disposal": null, "health_facility_type": null, "isced_level": null, "opening_hours": null, "military": null, "toilets_handwashing": null, "building": "mosque", "status": null, "access": null, "landuse": null, "denomination": null, "health_facility_bed": null, "capacity": null, "staff_count_doctors": null, "religion": "muslim", "amenity": "place_of_worship"}},{"type": "Feature", "geometry": {"type":"Polygon","coordinates":[[[131.2862617,-0.8882651],[131.2865955,-0.888357],[131.286621,-0.8882645],[131.2866399,-0.888186],[131.2864266,-0.8881551],[131.2862872,-0.8881726],[131.2862617,-0.8882651]]]}, "properties": {"osm_id": 508024046, "osm_type": "ways_poly", "operator": null, "operator_type": null, "staff_count_nurses": null, "health_facility_level": null, "medical_system_western": null, "name": "Masjid Quba", "toilets_disposal": null, "health_facility_type": null, "isced_level": null, "opening_hours": null, "military": null, "toilets_handwashing": null, "building": "yes", "status": null, "access": null, "landuse": null, "denomination": null, "health_facility_bed": null, "capacity": null, "staff_count_doctors": null, "religion": "muslim", "amenity": "place_of_worship"}},{"type": "Feature", "geometry": {"type":"Polygon","coordinates":[[[131.2865875,-0.8892185],[131.2866103,-0.8893982],[131.2867667,-0.8893783],[131.2867439,-0.8891986],[131.2865875,-0.8892185]]]}, "properties": {"osm_id": 506658777, "osm_type": "ways_poly", "operator": null, "operator_type": null, "staff_count_nurses": null, "health_facility_level": null, "medical_system_western": null, "name": "Gereja El Shadai", "toilets_disposal": null, "health_facility_type": null, "isced_level": null, "opening_hours": null, "military": null, "toilets_handwashing": null, "building": "yes", "status": null, "access": null, "landuse": null, "denomination": null, "health_facility_bed": null, "capacity": null, "staff_count_doctors": null, "religion": "christian", "amenity": "place_of_worship"}},{"type": "Feature", "geometry": {"type":"Polygon","coordinates":[[[131.3199854,-0.8914105],[131.3200363,-0.891495],[131.3201044,-0.8914539],[131.3200535,-0.8913694],[131.3199854,-0.8914105]]]}, "properties": {"osm_id": 509885141, "osm_type": "ways_poly", "operator": null, "operator_type": null, "staff_count_nurses": null, "health_facility_level": null, "medical_system_western": null, "name": "Pustu Klasaman 2", "toilets_disposal": null, "health_facility_type": null, "isced_level": null, "opening_hours": null, "military": null, "toilets_handwashing": null, "building": "yes", "status": null, "access": null, "landuse": null, "denomination": null, "health_facility_bed": null, "capacity": null, "staff_count_doctors": null, "religion": null, "amenity": "clinic"}},{"type": "Feature", "geometry": {"type":"Polygon","coordinates":[[[131.3200513,-0.8915278],[131.3201076,-0.8916083],[131.3202047,-0.8915404],[131.3201484,-0.8914599],[131.3200513,-0.8915278]]]}, "properties": {"osm_id": 510332381, "osm_type": "ways_poly", "operator": null, "operator_type": null, "staff_count_nurses": null, "health_facility_level": null, "medical_system_western": null, "name": "Mushola Baitul Hikmah KPR PDAM", "toilets_disposal": null, "health_facility_type": null, "isced_level": null, "opening_hours": null, "military": null, "toilets_handwashing": null, "building": "yes", "status": null, "access": null, "landuse": null, "denomination": null, "health_facility_bed": null, "capacity": null, "staff_count_doctors": null, "religion": "muslim", "amenity": "place_of_worship"}},{"type": "Feature", "geometry": {"type":"Polygon","coordinates":[[[131.3190866,-0.8924542],[131.3191516,-0.8925591],[131.31925,-0.8924981],[131.3193164,-0.8925087],[131.319323,-0.8924672],[131.3194042,-0.8924802],[131.319422,-0.8923689],[131.319339,-0.8923556],[131.3193492,-0.8922923],[131.3192476,-0.892276],[131.3192377,-0.8923378],[131.3191805,-0.8923287],[131.3191686,-0.8924034],[131.3190866,-0.8924542]]]}, "properties": {"osm_id": 509394162, "osm_type": "ways_poly", "operator": null, "operator_type": null, "staff_count_nurses": null, "health_facility_level": null, "medical_system_western": null, "name": "Gereja Kasih Perumnas", "toilets_disposal": null, "health_facility_type": null, "isced_level": null, "opening_hours": null, "military": null, "toilets_handwashing": null, "building": "yes", "status": null, "access": null, "landuse": null, "denomination": null, "health_facility_bed": null, "capacity": null, "staff_count_doctors": null, "religion": "christian", "amenity": "place_of_worship"}},{"type": "Feature", "geometry": {"type":"Polygon","coordinates":[[[131.3203431,-0.8886841],[131.3204917,-0.8888985],[131.32058,-0.8888373],[131.320551,-0.8887954],[131.3206422,-0.8887322],[131.3206244,-0.8887066],[131.3206692,-0.8886756],[131.3205884,-0.888559],[131.3205412,-0.8885918],[131.3205202,-0.8885614],[131.3203431,-0.8886841]]]}, "properties": {"osm_id": 509725520, "osm_type": "ways_poly", "operator": null, "operator_type": null, "staff_count_nurses": null, "health_facility_level": null, "medical_system_western": null, "name": "Gereja GKI Paulus Klawuyuk", "toilets_disposal": null, "health_facility_type": null, "isced_level": null, "opening_hours": null, "military": null, "toilets_handwashing": null, "building": "yes", "status": null, "access": null, "landuse": null, "denomination": null, "health_facility_bed": null, "capacity": null, "staff_count_doctors": null, "religion": "christian", "amenity": "place_of_worship"}},{"type": "Feature", "geometry": {"type":"Polygon","coordinates":[[[131.2696105,-0.8850361],[131.2697746,-0.8850842],[131.2698134,-0.8849514],[131.2696494,-0.8849034],[131.2696105,-0.8850361]]]}, "properties": {"osm_id": 505618200, "osm_type": "ways_poly", "operator": null, "operator_type": null, "staff_count_nurses": null, "health_facility_level": null, "medical_system_western": null, "name": "Miftahul Rahmah", "toilets_disposal": null, "health_facility_type": null, "isced_level": null, "opening_hours": null, "military": null, "toilets_handwashing": null, "building": "yes", "status": null, "access": null, "landuse": null, "denomination": null, "health_facility_bed": null, "capacity": null, "staff_count_doctors": null, "religion": "muslim", "amenity": "place_of_worship"}},{"type": "Feature", "geometry": {"type":"Polygon","coordinates":[[[131.2727085,-0.883262],[131.2727272,-0.8833452],[131.2728472,-0.8833181],[131.2728284,-0.883235],[131.2727085,-0.883262]]]}, "properties": {"osm_id": 508002983, "osm_type": "ways_poly", "operator": null, "operator_type": null, "staff_count_nurses": null, "health_facility_level": null, "medical_system_western": null, "name": "Gereja Diaspora", "toilets_disposal": null, "health_facility_type": null, "isced_level": null, "opening_hours": null, "military": null, "toilets_handwashing": null, "building": "yes", "status": null, "access": null, "landuse": null, "denomination": null, "health_facility_bed": null, "capacity": null, "staff_count_doctors": null, "religion": "christian", "amenity": "place_of_worship"}},{"type": "Feature", "geometry": {"type":"Polygon","coordinates":[[[131.2840601,-0.8751136],[131.2841741,-0.875117],[131.2841763,-0.8750427],[131.2840623,-0.8750394],[131.2840601,-0.8751136]]]}, "properties": {"osm_id": 508846687, "osm_type": "ways_poly", "operator": null, "operator_type": null, "staff_count_nurses": null, "health_facility_level": null, "medical_system_western": null, "name": "Gereja Gesai Betlehem", "toilets_disposal": null, "health_facility_type": null, "isced_level": null, "opening_hours": null, "military": null, "toilets_handwashing": null, "building": "yes", "status": null, "access": null, "landuse": null, "denomination": null, "health_facility_bed": null, "capacity": null, "staff_count_doctors": null, "religion": "christian", "amenity": "place_of_worship"}},{"type": "Feature", "geometry": {"type":"Polygon","coordinates":[[[131.3001497,-0.8893972],[131.3001792,-0.8894937],[131.3002429,-0.8894743],[131.3002134,-0.8893777],[131.3001497,-0.8893972]]]}, "properties": {"osm_id": 529821600, "osm_type": "ways_poly", "operator": null, "operator_type": null, "staff_count_nurses": null, "health_facility_level": null, "medical_system_western": null, "name": "Istiqomah", "toilets_disposal": null, "health_facility_type": null, "isced_level": null, "opening_hours": null, "military": null, "toilets_handwashing": null, "building": "yes", "status": null, "access": null, "landuse": null, "denomination": null, "health_facility_bed": null, "capacity": null, "staff_count_doctors": null, "religion": "muslim", "amenity": "place_of_worship"}},{"type": "Feature", "geometry": {"type":"Polygon","coordinates":[[[131.3237522,-0.8815978],[131.3237536,-0.8816581],[131.3237819,-0.8816574],[131.3237827,-0.8816923],[131.3239087,-0.8816893],[131.3239058,-0.8815639],[131.3237795,-0.8815669],[131.3237802,-0.8815971],[131.3237522,-0.8815978]]]}, "properties": {"osm_id": 509729498, "osm_type": "ways_poly", "operator": null, "operator_type": null, "staff_count_nurses": null, "health_facility_level": null, "medical_system_western": null, "name": "Mushallah Raodatul Jannah", "toilets_disposal": null, "health_facility_type": null, "isced_level": null, "opening_hours": null, "military": null, "toilets_handwashing": null, "building": "yes", "status": null, "access": null, "landuse": null, "denomination": null, "health_facility_bed": null, "capacity": null, "staff_count_doctors": null, "religion": "muslim", "amenity": "place_of_worship"}},{"type": "Feature", "geometry": {"type":"Polygon","coordinates":[[[131.3222529,-0.8877207],[131.3223177,-0.8878304],[131.322496,-0.8877251],[131.3224313,-0.8876154],[131.3222529,-0.8877207]]]}, "properties": {"osm_id": 509792430, "osm_type": "ways_poly", "operator": null, "operator_type": null, "staff_count_nurses": null, "health_facility_level": null, "medical_system_western": null, "name": "Masjid Baituhrahman", "toilets_disposal": null, "health_facility_type": null, "isced_level": null, "opening_hours": null, "military": null, "toilets_handwashing": null, "building": "yes", "status": null, "access": null, "landuse": null, "denomination": null, "health_facility_bed": null, "capacity": null, "staff_count_doctors": null, "religion": "muslim", "amenity": "place_of_worship"}},{"type": "Feature", "geometry": {"type":"Polygon","coordinates":[[[131.3229593,-0.886377],[131.3230207,-0.8864715],[131.3231178,-0.8864085],[131.3230565,-0.8863139],[131.3229593,-0.886377]]]}, "properties": {"osm_id": 509418675, "osm_type": "ways_poly", "operator": null, "operator_type": null, "staff_count_nurses": null, "health_facility_level": null, "medical_system_western": null, "name": "Gereja Victory Km 10", "toilets_disposal": null, "health_facility_type": null, "isced_level": null, "opening_hours": null, "military": null, "toilets_handwashing": null, "building": "yes", "status": null, "access": null, "landuse": null, "denomination": null, "health_facility_bed": null, "capacity": null, "staff_count_doctors": null, "religion": "christian", "amenity": "place_of_worship"}},{"type": "Feature", "geometry": {"type":"Polygon","coordinates":[[[131.2827902,-0.8782858],[131.2828717,-0.8783152],[131.2829294,-0.8781556],[131.2828479,-0.8781262],[131.2827902,-0.8782858]]]}, "properties": {"osm_id": 507083254, "osm_type": "ways_poly", "operator": null, "operator_type": null, "staff_count_nurses": null, "health_facility_level": null, "medical_system_western": null, "name": "Gereja GBI", "toilets_disposal": null, "health_facility_type": null, "isced_level": null, "opening_hours": null, "military": null, "toilets_handwashing": null, "building": "yes", "status": null, "access": null, "landuse": null, "denomination": null, "health_facility_bed": null, "capacity": null, "staff_count_doctors": null, "religion": "christian", "amenity": "place_of_worship"}},{"type": "Feature", "geometry": {"type":"Polygon","coordinates":[[[131.254588,-0.8685824],[131.2547538,-0.8685974],[131.2547605,-0.8685237],[131.2545947,-0.8685086],[131.254588,-0.8685824]]]}, "properties": {"osm_id": 507801475, "osm_type": "ways_poly", "operator": null, "operator_type": null, "staff_count_nurses": null, "health_facility_level": null, "medical_system_western": null, "name": "Gereja Batu Saman", "toilets_disposal": null, "health_facility_type": null, "isced_level": null, "opening_hours": null, "military": null, "toilets_handwashing": null, "building": "yes", "status": null, "access": null, "landuse": null, "denomination": null, "health_facility_bed": null, "capacity": null, "staff_count_doctors": null, "religion": "christian", "amenity": "place_of_worship"}},{"type": "Feature", "geometry": {"type":"Polygon","coordinates":[[[131.2541358,-0.8688789],[131.254138,-0.8689867],[131.2542243,-0.8689849],[131.2542247,-0.8690059],[131.2542828,-0.8690046],[131.2542801,-0.8688758],[131.2541641,-0.8688783],[131.2541358,-0.8688789]]]}, "properties": {"osm_id": 507801488, "osm_type": "ways_poly", "operator": null, "operator_type": null, "staff_count_nurses": null, "health_facility_level": null, "medical_system_western": null, "name": "Gereja Rumah Doa", "toilets_disposal": null, "health_facility_type": null, "isced_level": null, "opening_hours": null, "military": null, "toilets_handwashing": null, "building": "yes", "status": null, "access": null, "landuse": null, "denomination": null, "health_facility_bed": null, "capacity": null, "staff_count_doctors": null, "religion": "christian", "amenity": "place_of_worship"}},{"type": "Feature", "geometry": {"type":"Polygon","coordinates":[[[131.249105,-0.8683858],[131.2492686,-0.8684017],[131.2492821,-0.8682635],[131.2491184,-0.8682476],[131.249105,-0.8683858]]]}, "properties": {"osm_id": 507798334, "osm_type": "ways_poly", "operator": null, "operator_type": null, "staff_count_nurses": null, "health_facility_level": null, "medical_system_western": null, "name": "Masjid Nurul Yakim", "toilets_disposal": null, "health_facility_type": null, "isced_level": null, "opening_hours": null, "military": null, "toilets_handwashing": null, "building": "yes", "status": null, "access": null, "landuse": null, "denomination": null, "health_facility_bed": null, "capacity": null, "staff_count_doctors": null, "religion": "muslim", "amenity": "place_of_worship"}},{"type": "Feature", "geometry": {"type":"Polygon","coordinates":[[[131.2371974,-0.8859265],[131.2374485,-0.8861006],[131.2375062,-0.8860175],[131.237255,-0.8858434],[131.2371974,-0.8859265]]]}, "properties": {"osm_id": 506699403, "osm_type": "ways_poly", "operator": null, "operator_type": null, "staff_count_nurses": null, "health_facility_level": null, "medical_system_western": null, "name": "Gereja GPDI/Paud GPDI", "toilets_disposal": null, "health_facility_type": null, "isced_level": null, "opening_hours": null, "military": null, "toilets_handwashing": null, "building": "yes", "status": null, "access": null, "landuse": null, "denomination": null, "health_facility_bed": null, "capacity": null, "staff_count_doctors": null, "religion": "christian", "amenity": "place_of_worship"}},{"type": "Feature", "geometry": {"type":"Polygon","coordinates":[[[131.2977871,-0.8754524],[131.2978523,-0.8754598],[131.297867,-0.8753311],[131.2978019,-0.8753236],[131.2977871,-0.8754524]]]}, "properties": {"osm_id": 508988421, "osm_type": "ways_poly", "operator": null, "operator_type": null, "staff_count_nurses": null, "health_facility_level": null, "medical_system_western": null, "name": "Gereja Adven", "toilets_disposal": null, "health_facility_type": null, "isced_level": null, "opening_hours": null, "military": null, "toilets_handwashing": null, "building": "yes", "status": null, "access": null, "landuse": null, "denomination": null, "health_facility_bed": null, "capacity": null, "staff_count_doctors": null, "religion": "christian", "amenity": "place_of_worship"}},{"type": "Feature", "geometry": {"type":"Polygon","coordinates":[[[131.2980607,-0.8750608],[131.2981138,-0.8750807],[131.2981339,-0.8750271],[131.2980808,-0.8750072],[131.2980607,-0.8750608]]]}, "properties": {"osm_id": 508988438, "osm_type": "ways_poly", "operator": null, "operator_type": null, "staff_count_nurses": null, "health_facility_level": null, "medical_system_western": null, "name": "Gereja Otto Geisler", "toilets_disposal": null, "health_facility_type": null, "isced_level": null, "opening_hours": null, "military": null, "toilets_handwashing": null, "building": "yes", "status": null, "access": null, "landuse": null, "denomination": null, "health_facility_bed": null, "capacity": null, "staff_count_doctors": null, "religion": "christian", "amenity": "place_of_worship"}},{"type": "Feature", "geometry": {"type":"Polygon","coordinates":[[[131.2968349,-0.872749],[131.2968805,-0.8729649],[131.2970247,-0.8729345],[131.2969791,-0.8727186],[131.2968349,-0.872749]]]}, "properties": {"osm_id": 508999122, "osm_type": "ways_poly", "operator": null, "operator_type": null, "staff_count_nurses": null, "health_facility_level": null, "medical_system_western": null, "name": "Gereja", "toilets_disposal": null, "health_facility_type": null, "isced_level": null, "opening_hours": null, "military": null, "toilets_handwashing": null, "building": "yes", "status": null, "access": null, "landuse": null, "denomination": null, "health_facility_bed": null, "capacity": null, "staff_count_doctors": null, "religion": "christian", "amenity": "place_of_worship"}},{"type": "Feature", "geometry": {"type":"Polygon","coordinates":[[[131.310338,-0.872297],[131.3104868,-0.8724244],[131.3106256,-0.8722623],[131.3104767,-0.8721349],[131.310338,-0.872297]]]}, "properties": {"osm_id": 529860632, "osm_type": "ways_poly", "operator": null, "operator_type": null, "staff_count_nurses": null, "health_facility_level": null, "medical_system_western": null, "name": "Gereja Katedral", "toilets_disposal": null, "health_facility_type": null, "isced_level": null, "opening_hours": null, "military": null, "toilets_handwashing": null, "building": "yes", "status": null, "access": null, "landuse": null, "denomination": null, "health_facility_bed": null, "capacity": null, "staff_count_doctors": null, "religion": "christian", "amenity": "place_of_worship"}},{"type": "Feature", "geometry": {"type":"Polygon","coordinates":[[[131.309503,-0.8729087],[131.3095688,-0.8730897],[131.3096848,-0.8730476],[131.3096191,-0.8728665],[131.309503,-0.8729087]]]}, "properties": {"osm_id": 529860634, "osm_type": "ways_poly", "operator": null, "operator_type": null, "staff_count_nurses": null, "health_facility_level": null, "medical_system_western": null, "name": "Gereja GKI Elim Malanu", "toilets_disposal": null, "health_facility_type": null, "isced_level": null, "opening_hours": null, "military": null, "toilets_handwashing": null, "building": "yes", "status": null, "access": null, "landuse": null, "denomination": null, "health_facility_bed": null, "capacity": null, "staff_count_doctors": null, "religion": "christian", "amenity": "place_of_worship"}},{"type": "Feature", "geometry": {"type":"Polygon","coordinates":[[[131.2350276,-0.8851331],[131.235096,-0.8852497],[131.2351562,-0.8852145],[131.2350878,-0.8850978],[131.2350276,-0.8851331]]]}, "properties": {"osm_id": 506697551, "osm_type": "ways_poly", "operator": null, "operator_type": null, "staff_count_nurses": null, "health_facility_level": null, "medical_system_western": null, "name": "Posyandu Jambu", "toilets_disposal": null, "health_facility_type": null, "isced_level": null, "opening_hours": null, "military": null, "toilets_handwashing": null, "building": "yes", "status": null, "access": null, "landuse": null, "denomination": null, "health_facility_bed": null, "capacity": null, "staff_count_doctors": null, "religion": null, "amenity": "clinic"}},{"type": "Feature", "geometry": {"type":"Polygon","coordinates":[[[131.232183,-0.8882101],[131.232244,-0.8882742],[131.232299,-0.8882219],[131.232238,-0.8881578],[131.232183,-0.8882101]]]}, "properties": {"osm_id": 506697424, "osm_type": "ways_poly", "operator": null, "operator_type": null, "staff_count_nurses": null, "health_facility_level": null, "medical_system_western": null, "name": "Pustu", "toilets_disposal": null, "health_facility_type": null, "isced_level": null, "opening_hours": null, "military": null, "toilets_handwashing": null, "building": "yes", "status": null, "access": null, "landuse": null, "denomination": null, "health_facility_bed": null, "capacity": null, "staff_count_doctors": null, "religion": null, "amenity": "clinic"}},{"type": "Feature", "geometry": {"type":"Polygon","coordinates":[[[131.240128,-0.8874146],[131.2402484,-0.887423],[131.2402591,-0.8872688],[131.2401387,-0.8872604],[131.240128,-0.8874146]]]}, "properties": {"osm_id": 506700175, "osm_type": "ways_poly", "operator": null, "operator_type": null, "staff_count_nurses": null, "health_facility_level": null, "medical_system_western": null, "name": "Masjid Mistahuljana/Tk Alhairat Doom", "toilets_disposal": null, "health_facility_type": null, "isced_level": null, "opening_hours": null, "military": null, "toilets_handwashing": null, "building": "yes", "status": null, "access": null, "landuse": null, "denomination": null, "health_facility_bed": null, "capacity": null, "staff_count_doctors": null, "religion": "muslim", "amenity": "place_of_worship"}},{"type": "Feature", "geometry": {"type":"Polygon","coordinates":[[[131.2361902,-0.8889731],[131.2362277,-0.8891153],[131.2364347,-0.8890606],[131.2363972,-0.8889185],[131.2361902,-0.8889731]]]}, "properties": {"osm_id": 506695719, "osm_type": "ways_poly", "operator": null, "operator_type": null, "staff_count_nurses": null, "health_facility_level": null, "medical_system_western": null, "name": null, "toilets_disposal": null, "health_facility_type": null, "isced_level": null, "opening_hours": null, "military": null, "toilets_handwashing": null, "building": "yes", "status": null, "access": null, "landuse": null, "denomination": null, "health_facility_bed": null, "capacity": null, "staff_count_doctors": null, "religion": null, "amenity": "police"}},{"type": "Feature", "geometry": {"type":"Polygon","coordinates":[[[131.2383078,-0.8859983],[131.2385626,-0.8860767],[131.2385841,-0.886007],[131.2383292,-0.8859286],[131.2383078,-0.8859983]]]}, "properties": {"osm_id": 506699554, "osm_type": "ways_poly", "operator": null, "operator_type": null, "staff_count_nurses": null, "health_facility_level": null, "medical_system_western": null, "name": "SD YPK III Bethel Doom", "toilets_disposal": null, "health_facility_type": null, "isced_level": null, "opening_hours": null, "military": null, "toilets_handwashing": null, "building": "yes", "status": null, "access": null, "landuse": null, "denomination": null, "health_facility_bed": null, "capacity": null, "staff_count_doctors": null, "religion": "christian", "amenity": "place_of_worship"}},{"type": "Feature", "geometry": {"type":"Polygon","coordinates":[[[131.2462239,-0.8701411],[131.2471704,-0.8704421],[131.247365,-0.869968],[131.2474048,-0.8698545],[131.2475927,-0.8693111],[131.2473824,-0.8692361],[131.2474132,-0.8691317],[131.2470492,-0.86902],[131.247021,-0.8690959],[131.2469292,-0.8690653],[131.2469139,-0.8691113],[131.2467711,-0.8690638],[131.2467619,-0.8690607],[131.2466977,-0.8690394],[131.2466375,-0.8690192],[131.2462239,-0.8701411]]]}, "properties": {"osm_id": 787327381, "osm_type": "ways_poly", "operator": "pemerintah Kota sorong", "operator_type": "government", "staff_count_nurses": null, "health_facility_level": null, "medical_system_western": null, "name": "RUMAH SAKIT KABUPATEN SORONG", "toilets_disposal": null, "health_facility_type": null, "isced_level": null, "opening_hours": null, "military": null, "toilets_handwashing": null, "building": null, "status": null, "access": null, "landuse": null, "denomination": null, "health_facility_bed": null, "capacity": null, "staff_count_doctors": null, "religion": null, "amenity": "hospital"}},{"type": "Feature", "geometry": {"type":"Polygon","coordinates":[[[131.2738779,-0.8860794],[131.2740371,-0.8861262],[131.2740707,-0.8860122],[131.2739114,-0.8859654],[131.2738779,-0.8860794]]]}, "properties": {"osm_id": 508002824, "osm_type": "ways_poly", "operator": null, "operator_type": null, "staff_count_nurses": null, "health_facility_level": null, "medical_system_western": null, "name": "Gereja Jalan Suci", "toilets_disposal": null, "health_facility_type": null, "isced_level": null, "opening_hours": null, "military": null, "toilets_handwashing": null, "building": "yes", "status": null, "access": null, "landuse": null, "denomination": null, "health_facility_bed": null, "capacity": null, "staff_count_doctors": null, "religion": "christian", "amenity": "place_of_worship"}},{"type": "Feature", "geometry": {"type":"Polygon","coordinates":[[[131.249907,-0.8636346],[131.2500871,-0.8636396],[131.2500924,-0.8634492],[131.2499124,-0.8634442],[131.249907,-0.8636346]]]}, "properties": {"osm_id": 507705830, "osm_type": "ways_poly", "operator": null, "operator_type": null, "staff_count_nurses": null, "health_facility_level": null, "medical_system_western": null, "name": "Mujtahidin", "toilets_disposal": null, "health_facility_type": null, "isced_level": null, "opening_hours": null, "military": null, "toilets_handwashing": null, "building": "yes", "status": null, "access": null, "landuse": null, "denomination": null, "health_facility_bed": null, "capacity": null, "staff_count_doctors": null, "religion": "muslim", "amenity": "place_of_worship"}},{"type": "Feature", "geometry": {"type":"Polygon","coordinates":[[[131.2462336,-0.8722502],[131.2462684,-0.8722632],[131.2462411,-0.872336],[131.2463378,-0.8723723],[131.2464022,-0.8722006],[131.2463055,-0.8721644],[131.2462978,-0.8721849],[131.246263,-0.8721718],[131.2462336,-0.8722502]]]}, "properties": {"osm_id": 507799160, "osm_type": "ways_poly", "operator": null, "operator_type": null, "staff_count_nurses": null, "health_facility_level": null, "medical_system_western": null, "name": "Kantor Pomal", "toilets_disposal": null, "health_facility_type": null, "isced_level": null, "opening_hours": null, "military": null, "toilets_handwashing": null, "building": "yes", "status": null, "access": null, "landuse": null, "denomination": null, "health_facility_bed": null, "capacity": null, "staff_count_doctors": null, "religion": null, "amenity": "police"}},{"type": "Feature", "geometry": {"type":"Polygon","coordinates":[[[131.24789,-0.8723856],[131.2480729,-0.8724588],[131.2481104,-0.8723649],[131.2479275,-0.8722918],[131.24789,-0.8723856]]]}, "properties": {"osm_id": 507799164, "osm_type": "ways_poly", "operator": null, "operator_type": null, "staff_count_nurses": null, "health_facility_level": null, "medical_system_western": null, "name": "Masjid Nurul Bahar", "toilets_disposal": null, "health_facility_type": null, "isced_level": null, "opening_hours": null, "military": null, "toilets_handwashing": null, "building": "yes", "status": null, "access": null, "landuse": null, "denomination": null, "health_facility_bed": null, "capacity": null, "staff_count_doctors": null, "religion": "muslim", "amenity": "place_of_worship"}},{"type": "Feature", "geometry": {"type":"Polygon","coordinates":[[[131.2476597,-0.872477],[131.2479521,-0.8725854],[131.2479963,-0.8724662],[131.2477904,-0.8723899],[131.2478573,-0.8722096],[131.2481311,-0.8723111],[131.2481769,-0.8721875],[131.2479024,-0.8720857],[131.2479623,-0.871924],[131.2482357,-0.8720254],[131.2482787,-0.8719096],[131.2479195,-0.8717764],[131.2476597,-0.872477]]]}, "properties": {"osm_id": 507799165, "osm_type": "ways_poly", "operator": null, "operator_type": null, "staff_count_nurses": null, "health_facility_level": null, "medical_system_western": null, "name": "Kantor Angkatan Laut", "toilets_disposal": null, "health_facility_type": null, "isced_level": null, "opening_hours": null, "military": null, "toilets_handwashing": null, "building": "yes", "status": null, "access": null, "landuse": null, "denomination": null, "health_facility_bed": null, "capacity": null, "staff_count_doctors": null, "religion": null, "amenity": "police"}},{"type": "Feature", "geometry": {"type":"Polygon","coordinates":[[[131.2459762,-0.8726069],[131.2459941,-0.872679],[131.2460185,-0.8727195],[131.2460386,-0.8727403],[131.2460534,-0.8727537],[131.2462437,-0.872833],[131.24685,-0.8730647],[131.246955,-0.8723021],[131.2461556,-0.8719897],[131.246109,-0.8721375],[131.2460098,-0.8724567],[131.2459762,-0.8726069]]]}, "properties": {"osm_id": 570449215, "osm_type": "ways_poly", "operator": null, "operator_type": null, "staff_count_nurses": null, "health_facility_level": null, "medical_system_western": null, "name": "Polisi Militer", "toilets_disposal": null, "health_facility_type": null, "isced_level": null, "opening_hours": null, "military": null, "toilets_handwashing": null, "building": null, "status": null, "access": null, "landuse": "military", "denomination": null, "health_facility_bed": null, "capacity": null, "staff_count_doctors": null, "religion": null, "amenity": null}},{"type": "Feature", "geometry": {"type":"Polygon","coordinates":[[[131.3090971,-0.8867692],[131.3091892,-0.8868414],[131.3092657,-0.8867437],[131.3091736,-0.8866716],[131.3090971,-0.8867692]]]}, "properties": {"osm_id": 509394060, "osm_type": "ways_poly", "operator": null, "operator_type": null, "staff_count_nurses": null, "health_facility_level": null, "medical_system_western": null, "name": "Gereja Betania", "toilets_disposal": null, "health_facility_type": null, "isced_level": null, "opening_hours": null, "military": null, "toilets_handwashing": null, "building": "yes", "status": null, "access": null, "landuse": null, "denomination": null, "health_facility_bed": null, "capacity": null, "staff_count_doctors": null, "religion": "christian", "amenity": "place_of_worship"}},{"type": "Feature", "geometry": {"type":"Polygon","coordinates":[[[131.3201949,-0.9043216],[131.32028,-0.9044488],[131.320388,-0.9043765],[131.3203028,-0.9042493],[131.3201949,-0.9043216]]]}, "properties": {"osm_id": 508865052, "osm_type": "ways_poly", "operator": null, "operator_type": null, "staff_count_nurses": null, "health_facility_level": null, "medical_system_western": null, "name": "Gereja Bethesda", "toilets_disposal": null, "health_facility_type": null, "isced_level": null, "opening_hours": null, "military": null, "toilets_handwashing": null, "building": "yes", "status": null, "access": null, "landuse": null, "denomination": null, "health_facility_bed": null, "capacity": null, "staff_count_doctors": null, "religion": "christian", "amenity": "place_of_worship"}},{"type": "Feature", "geometry": {"type":"Polygon","coordinates":[[[131.31921,-0.8994715],[131.3192942,-0.8995929],[131.3194168,-0.8995079],[131.3193326,-0.8993865],[131.31921,-0.8994715]]]}, "properties": {"osm_id": 509121414, "osm_type": "ways_poly", "operator": null, "operator_type": null, "staff_count_nurses": null, "health_facility_level": null, "medical_system_western": null, "name": "Masjid Al Ihsan", "toilets_disposal": null, "health_facility_type": null, "isced_level": null, "opening_hours": null, "military": null, "toilets_handwashing": null, "building": "yes", "status": null, "access": null, "landuse": null, "denomination": null, "health_facility_bed": null, "capacity": null, "staff_count_doctors": null, "religion": "muslim", "amenity": "place_of_worship"}},{"type": "Feature", "geometry": {"type":"Polygon","coordinates":[[[131.2919379,-0.8790669],[131.2920508,-0.8791594],[131.2921118,-0.879085],[131.2919989,-0.8789925],[131.2919379,-0.8790669]]]}, "properties": {"osm_id": 530131348, "osm_type": "ways_poly", "operator": null, "operator_type": null, "staff_count_nurses": null, "health_facility_level": null, "medical_system_western": null, "name": "Gereja Efata", "toilets_disposal": null, "health_facility_type": null, "isced_level": null, "opening_hours": null, "military": null, "toilets_handwashing": null, "building": "yes", "status": null, "access": null, "landuse": null, "denomination": null, "health_facility_bed": null, "capacity": null, "staff_count_doctors": null, "religion": "christian", "amenity": "place_of_worship"}},{"type": "Feature", "geometry": {"type":"Polygon","coordinates":[[[131.2943052,-0.8800514],[131.2943495,-0.880089],[131.2944089,-0.880019],[131.2943646,-0.8799814],[131.2943052,-0.8800514]]]}, "properties": {"osm_id": 530146797, "osm_type": "ways_poly", "operator": null, "operator_type": null, "staff_count_nurses": null, "health_facility_level": null, "medical_system_western": null, "name": "Gereja Pantekosta Indonesia", "toilets_disposal": null, "health_facility_type": null, "isced_level": null, "opening_hours": null, "military": null, "toilets_handwashing": null, "building": "yes", "status": null, "access": null, "landuse": null, "denomination": null, "health_facility_bed": null, "capacity": null, "staff_count_doctors": null, "religion": "christian", "amenity": "place_of_worship"}},{"type": "Feature", "geometry": {"type":"Polygon","coordinates":[[[131.3272431,-0.897828],[131.3272975,-0.8979045],[131.3273928,-0.8978367],[131.3273385,-0.8977603],[131.3272431,-0.897828]]]}, "properties": {"osm_id": 511611332, "osm_type": "ways_poly", "operator": null, "operator_type": null, "staff_count_nurses": null, "health_facility_level": null, "medical_system_western": null, "name": "Mushola Al-Kausar Harapan Indah", "toilets_disposal": null, "health_facility_type": null, "isced_level": null, "opening_hours": null, "military": null, "toilets_handwashing": null, "building": "yes", "status": null, "access": null, "landuse": null, "denomination": null, "health_facility_bed": null, "capacity": null, "staff_count_doctors": null, "religion": "muslim", "amenity": "place_of_worship"}},{"type": "Feature", "geometry": {"type":"Polygon","coordinates":[[[131.3266755,-0.9007357],[131.3268461,-0.9009943],[131.327042,-0.9008651],[131.3269562,-0.900735],[131.3268882,-0.9007799],[131.3268034,-0.9006513],[131.3266755,-0.9007357]]]}, "properties": {"osm_id": 510610375, "osm_type": "ways_poly", "operator": null, "operator_type": null, "staff_count_nurses": null, "health_facility_level": null, "medical_system_western": null, "name": "Masjid Al Hakim", "toilets_disposal": null, "health_facility_type": null, "isced_level": null, "opening_hours": null, "military": null, "toilets_handwashing": null, "building": "yes", "status": null, "access": null, "landuse": null, "denomination": null, "health_facility_bed": null, "capacity": null, "staff_count_doctors": null, "religion": "muslim", "amenity": "place_of_worship"}},{"type": "Feature", "geometry": {"type":"Polygon","coordinates":[[[131.2478779,-0.8627737],[131.2480333,-0.8628349],[131.2481031,-0.8626579],[131.2479477,-0.8625967],[131.2478779,-0.8627737]]]}, "properties": {"osm_id": 507706030, "osm_type": "ways_poly", "operator": null, "operator_type": null, "staff_count_nurses": null, "health_facility_level": null, "medical_system_western": null, "name": "Vihara", "toilets_disposal": null, "health_facility_type": null, "isced_level": null, "opening_hours": null, "military": null, "toilets_handwashing": null, "building": "yes", "status": null, "access": null, "landuse": null, "denomination": null, "health_facility_bed": null, "capacity": null, "staff_count_doctors": null, "religion": "buddhist", "amenity": "place_of_worship"}},{"type": "Feature", "geometry": {"type":"Polygon","coordinates":[[[131.2482749,-0.8640717],[131.2482798,-0.8643006],[131.2484045,-0.8642979],[131.2483996,-0.864069],[131.2482749,-0.8640717]]]}, "properties": {"osm_id": 529825995, "osm_type": "ways_poly", "operator": null, "operator_type": null, "staff_count_nurses": null, "health_facility_level": null, "medical_system_western": null, "name": "SMP/ SMA Ampera", "toilets_disposal": null, "health_facility_type": null, "isced_level": null, "opening_hours": null, "military": null, "toilets_handwashing": null, "building": "yes", "status": null, "access": null, "landuse": null, "denomination": null, "health_facility_bed": null, "capacity": null, "staff_count_doctors": null, "religion": null, "amenity": "school"}},{"type": "Feature", "geometry": {"type":"Polygon","coordinates":[[[131.2837471,-0.8858568],[131.2838651,-0.8858832],[131.2839027,-0.8857156],[131.2837847,-0.8856891],[131.2837471,-0.8858568]]]}, "properties": {"osm_id": 508001544, "osm_type": "ways_poly", "operator": null, "operator_type": null, "staff_count_nurses": null, "health_facility_level": null, "medical_system_western": null, "name": "Masjid AT-Taqwa", "toilets_disposal": null, "health_facility_type": null, "isced_level": null, "opening_hours": null, "military": null, "toilets_handwashing": null, "building": "yes", "status": null, "access": null, "landuse": null, "denomination": null, "health_facility_bed": null, "capacity": null, "staff_count_doctors": null, "religion": "muslim", "amenity": "place_of_worship"}},{"type": "Feature", "geometry": {"type":"Polygon","coordinates":[[[131.2549077,-0.8782272],[131.2550542,-0.878263],[131.2550837,-0.8781423],[131.2549372,-0.8781065],[131.2549077,-0.8782272]]]}, "properties": {"osm_id": 507800055, "osm_type": "ways_poly", "operator": null, "operator_type": null, "staff_count_nurses": null, "health_facility_level": null, "medical_system_western": null, "name": "Masjid Haqqul Yaqin", "toilets_disposal": null, "health_facility_type": null, "isced_level": null, "opening_hours": null, "military": null, "toilets_handwashing": null, "building": "yes", "status": null, "access": null, "landuse": null, "denomination": null, "health_facility_bed": null, "capacity": null, "staff_count_doctors": null, "religion": "muslim", "amenity": "place_of_worship"}},{"type": "Feature", "geometry": {"type":"Polygon","coordinates":[[[131.2618495,-0.8782603],[131.261952,-0.8783152],[131.2620311,-0.8781677],[131.2619287,-0.8781128],[131.2618495,-0.8782603]]]}, "properties": {"osm_id": 507800219, "osm_type": "ways_poly", "operator": null, "operator_type": null, "staff_count_nurses": null, "health_facility_level": null, "medical_system_western": null, "name": "Sekelah Perikanan SUPM", "toilets_disposal": null, "health_facility_type": null, "isced_level": null, "opening_hours": null, "military": null, "toilets_handwashing": null, "building": "yes", "status": null, "access": null, "landuse": null, "denomination": null, "health_facility_bed": null, "capacity": null, "staff_count_doctors": null, "religion": null, "amenity": "school"}},{"type": "Feature", "geometry": {"type":"Polygon","coordinates":[[[131.2960066,-0.8763797],[131.2960567,-0.8765688],[131.2962397,-0.8765203],[131.2961897,-0.8763313],[131.2960066,-0.8763797]]]}, "properties": {"osm_id": 530146808, "osm_type": "ways_poly", "operator": null, "operator_type": null, "staff_count_nurses": null, "health_facility_level": null, "medical_system_western": null, "name": "Masjid Al Huriah", "toilets_disposal": null, "health_facility_type": null, "isced_level": null, "opening_hours": null, "military": null, "toilets_handwashing": null, "building": "yes", "status": null, "access": null, "landuse": null, "denomination": null, "health_facility_bed": null, "capacity": null, "staff_count_doctors": null, "religion": "muslim", "amenity": "place_of_worship"}},{"type": "Feature", "geometry": {"type":"Polygon","coordinates":[[[131.2991323,-0.8757028],[131.2992167,-0.8757769],[131.2992744,-0.8757112],[131.29919,-0.8756371],[131.2991323,-0.8757028]]]}, "properties": {"osm_id": 508988649, "osm_type": "ways_poly", "operator": null, "operator_type": null, "staff_count_nurses": null, "health_facility_level": null, "medical_system_western": null, "name": "Gereja Pantaikosta Imanuel", "toilets_disposal": null, "health_facility_type": null, "isced_level": null, "opening_hours": null, "military": null, "toilets_handwashing": null, "building": "yes", "status": null, "access": null, "landuse": null, "denomination": null, "health_facility_bed": null, "capacity": null, "staff_count_doctors": null, "religion": "christian", "amenity": "place_of_worship"}},{"type": "Feature", "geometry": {"type":"Polygon","coordinates":[[[131.2988386,-0.8761993],[131.2988946,-0.8762096],[131.2989241,-0.8760501],[131.2988681,-0.8760397],[131.2988386,-0.8761993]]]}, "properties": {"osm_id": 508988638, "osm_type": "ways_poly", "operator": null, "operator_type": null, "staff_count_nurses": null, "health_facility_level": null, "medical_system_western": null, "name": "Gereja GBAI Sion", "toilets_disposal": null, "health_facility_type": null, "isced_level": null, "opening_hours": null, "military": null, "toilets_handwashing": null, "building": "yes", "status": null, "access": null, "landuse": null, "denomination": null, "health_facility_bed": null, "capacity": null, "staff_count_doctors": null, "religion": "christian", "amenity": "place_of_worship"}},{"type": "Feature", "geometry": {"type":"Polygon","coordinates":[[[131.2985372,-0.8772429],[131.298683,-0.8772841],[131.2987179,-0.8771607],[131.298572,-0.8771195],[131.2985372,-0.8772429]]]}, "properties": {"osm_id": 508988773, "osm_type": "ways_poly", "operator": null, "operator_type": null, "staff_count_nurses": null, "health_facility_level": null, "medical_system_western": null, "name": "Masjid AT-TAUBAH", "toilets_disposal": null, "health_facility_type": null, "isced_level": null, "opening_hours": null, "military": null, "toilets_handwashing": null, "building": "yes", "status": null, "access": null, "landuse": null, "denomination": null, "health_facility_bed": null, "capacity": null, "staff_count_doctors": null, "religion": "muslim", "amenity": "place_of_worship"}},{"type": "Feature", "geometry": {"type":"Polygon","coordinates":[[[131.2953489,-0.875583],[131.2954375,-0.8756589],[131.2955099,-0.8755744],[131.2954214,-0.8754985],[131.2953489,-0.875583]]]}, "properties": {"osm_id": 508999773, "osm_type": "ways_poly", "operator": null, "operator_type": null, "staff_count_nurses": null, "health_facility_level": null, "medical_system_western": null, "name": "Gereja Lembah Pujian", "toilets_disposal": null, "health_facility_type": null, "isced_level": null, "opening_hours": null, "military": null, "toilets_handwashing": null, "building": "yes", "status": null, "access": null, "landuse": null, "denomination": null, "health_facility_bed": null, "capacity": null, "staff_count_doctors": null, "religion": "christian", "amenity": "place_of_worship"}},{"type": "Feature", "geometry": {"type":"Polygon","coordinates":[[[131.2991215,-0.877154],[131.2992754,-0.8772533],[131.2993438,-0.8771474],[131.2991899,-0.8770481],[131.2991215,-0.877154]]]}, "properties": {"osm_id": 508988800, "osm_type": "ways_poly", "operator": null, "operator_type": null, "staff_count_nurses": null, "health_facility_level": null, "medical_system_western": null, "name": null, "toilets_disposal": null, "health_facility_type": null, "isced_level": null, "opening_hours": null, "military": null, "toilets_handwashing": null, "building": "yes", "status": null, "access": null, "landuse": null, "denomination": null, "health_facility_bed": null, "capacity": null, "staff_count_doctors": null, "religion": "muslim", "amenity": "place_of_worship"}},{"type": "Feature", "geometry": {"type":"Polygon","coordinates":[[[131.282744,-0.8785768],[131.2828714,-0.8786183],[131.2829049,-0.8785156],[131.2827775,-0.878474],[131.282744,-0.8785768]]]}, "properties": {"osm_id": 507083258, "osm_type": "ways_poly", "operator": null, "operator_type": null, "staff_count_nurses": null, "health_facility_level": null, "medical_system_western": null, "name": "Pustu Remu Utra", "toilets_disposal": null, "health_facility_type": null, "isced_level": null, "opening_hours": null, "military": null, "toilets_handwashing": null, "building": "yes", "status": null, "access": null, "landuse": null, "denomination": null, "health_facility_bed": null, "capacity": null, "staff_count_doctors": null, "religion": null, "amenity": "clinic"}},{"type": "Feature", "geometry": {"type":"Polygon","coordinates":[[[131.2808465,-0.8792182],[131.2808747,-0.8794421],[131.2810381,-0.8794216],[131.2810099,-0.8791977],[131.2808465,-0.8792182]]]}, "properties": {"osm_id": 508001407, "osm_type": "ways_poly", "operator": null, "operator_type": null, "staff_count_nurses": null, "health_facility_level": null, "medical_system_western": null, "name": "Gereja Elim", "toilets_disposal": null, "health_facility_type": null, "isced_level": null, "opening_hours": null, "military": null, "toilets_handwashing": null, "building": "yes", "status": null, "access": null, "landuse": null, "denomination": null, "health_facility_bed": null, "capacity": null, "staff_count_doctors": null, "religion": "christian", "amenity": "place_of_worship"}},{"type": "Feature", "geometry": {"type":"Polygon","coordinates":[[[131.2870285,-0.879705],[131.2870902,-0.879752],[131.2871634,-0.8797739],[131.2873007,-0.8795051],[131.2871613,-0.8794339],[131.2871393,-0.8794768],[131.287206,-0.8795109],[131.2871164,-0.8796863],[131.2870543,-0.8796546],[131.2870285,-0.879705]]]}, "properties": {"osm_id": 506658735, "osm_type": "ways_poly", "operator": null, "operator_type": null, "staff_count_nurses": null, "health_facility_level": null, "medical_system_western": null, "name": "Satuan Lalulintas Polresta Sorong Kota", "toilets_disposal": null, "health_facility_type": null, "isced_level": null, "opening_hours": null, "military": null, "toilets_handwashing": null, "building": "yes", "status": null, "access": null, "landuse": null, "denomination": null, "health_facility_bed": null, "capacity": null, "staff_count_doctors": null, "religion": null, "amenity": "police"}},{"type": "Feature", "geometry": {"type":"Polygon","coordinates":[[[131.3197075,-0.8850877],[131.3199237,-0.8851759],[131.3199907,-0.8850117],[131.3197746,-0.8849234],[131.3197075,-0.8850877]]]}, "properties": {"osm_id": 509189665, "osm_type": "ways_poly", "operator": null, "operator_type": null, "staff_count_nurses": null, "health_facility_level": null, "medical_system_western": null, "name": "Masjid An Nuur", "toilets_disposal": null, "health_facility_type": null, "isced_level": null, "opening_hours": null, "military": null, "toilets_handwashing": null, "building": "yes", "status": null, "access": null, "landuse": null, "denomination": null, "health_facility_bed": null, "capacity": null, "staff_count_doctors": null, "religion": "muslim", "amenity": "place_of_worship"}},{"type": "Feature", "geometry": {"type":"Polygon","coordinates":[[[131.2945718,-0.8793223],[131.2945953,-0.8794016],[131.2946248,-0.8793929],[131.2946013,-0.8793136],[131.2945718,-0.8793223]]]}, "properties": {"osm_id": 530146801, "osm_type": "ways_poly", "operator": "Ministry of Health", "operator_type": "government", "staff_count_nurses": null, "health_facility_level": null, "medical_system_western": null, "name": "Puskesmas Pembantu Cenderawasih", "toilets_disposal": null, "health_facility_type": null, "isced_level": null, "opening_hours": null, "military": null, "toilets_handwashing": null, "building": "yes", "status": null, "access": null, "landuse": null, "denomination": null, "health_facility_bed": null, "capacity": null, "staff_count_doctors": null, "religion": null, "amenity": "clinic"}},{"type": "Feature", "geometry": {"type":"Polygon","coordinates":[[[131.3170397,-0.8962086],[131.3170864,-0.8962843],[131.3171109,-0.8962692],[131.3171771,-0.8963764],[131.3175193,-0.8961652],[131.3174836,-0.8961074],[131.3175141,-0.8960885],[131.3174619,-0.8960039],[131.3174316,-0.8960225],[131.3173978,-0.8959678],[131.3170557,-0.896179],[131.3170645,-0.8961933],[131.3170397,-0.8962086]]]}, "properties": {"osm_id": 509121404, "osm_type": "ways_poly", "operator": null, "operator_type": null, "staff_count_nurses": null, "health_facility_level": null, "medical_system_western": null, "name": "Gereja GKI Ruth Lidia", "toilets_disposal": null, "health_facility_type": null, "isced_level": null, "opening_hours": null, "military": null, "toilets_handwashing": null, "building": "yes", "status": null, "access": null, "landuse": null, "denomination": null, "health_facility_bed": null, "capacity": null, "staff_count_doctors": null, "religion": "christian", "amenity": "place_of_worship"}},{"type": "Feature", "geometry": {"type":"Polygon","coordinates":[[[131.3184843,-0.8942452],[131.3185145,-0.8942499],[131.3185105,-0.8942758],[131.3186754,-0.8943015],[131.3186836,-0.894249],[131.3187498,-0.8942593],[131.3187739,-0.8941045],[131.3187253,-0.8940969],[131.3187276,-0.894082],[131.3185695,-0.8940574],[131.3185661,-0.8940786],[131.3185413,-0.8940748],[131.3185295,-0.8941509],[131.3184997,-0.8941462],[131.3184843,-0.8942452]]]}, "properties": {"osm_id": 509171343, "osm_type": "ways_poly", "operator": null, "operator_type": null, "staff_count_nurses": null, "health_facility_level": null, "medical_system_western": null, "name": "Masjid Al-Ikhlas Perumnas", "toilets_disposal": null, "health_facility_type": null, "isced_level": null, "opening_hours": null, "military": null, "toilets_handwashing": null, "building": "yes", "status": null, "access": null, "landuse": null, "denomination": null, "health_facility_bed": null, "capacity": null, "staff_count_doctors": null, "religion": "muslim", "amenity": "place_of_worship"}},{"type": "Feature", "geometry": {"type":"Polygon","coordinates":[[[131.2641483,-0.8835462],[131.2642431,-0.8836022],[131.2643088,-0.8834909],[131.2642141,-0.8834349],[131.2641483,-0.8835462]]]}, "properties": {"osm_id": 506693239, "osm_type": "ways_poly", "operator": null, "operator_type": null, "staff_count_nurses": null, "health_facility_level": null, "medical_system_western": null, "name": "Al Muhajirin", "toilets_disposal": null, "health_facility_type": null, "isced_level": null, "opening_hours": null, "military": null, "toilets_handwashing": null, "building": "yes", "status": null, "access": null, "landuse": null, "denomination": null, "health_facility_bed": null, "capacity": null, "staff_count_doctors": null, "religion": "muslim", "amenity": "place_of_worship"}},{"type": "Feature", "geometry": {"type":"Polygon","coordinates":[[[131.3240695,-0.8833867],[131.3241168,-0.8834559],[131.3242737,-0.8833486],[131.3242264,-0.8832795],[131.3240695,-0.8833867]]]}, "properties": {"osm_id": 509729502, "osm_type": "ways_poly", "operator": null, "operator_type": null, "staff_count_nurses": null, "health_facility_level": null, "medical_system_western": null, "name": "Gereja GBI Elohim", "toilets_disposal": null, "health_facility_type": null, "isced_level": null, "opening_hours": null, "military": null, "toilets_handwashing": null, "building": "yes", "status": null, "access": null, "landuse": null, "denomination": null, "health_facility_bed": null, "capacity": null, "staff_count_doctors": null, "religion": "christian", "amenity": "place_of_worship"}},{"type": "Feature", "geometry": {"type":"Polygon","coordinates":[[[131.2548517,-0.8758225],[131.2549227,-0.8760652],[131.2550756,-0.8760204],[131.2550045,-0.8757777],[131.2548517,-0.8758225]]]}, "properties": {"osm_id": 507799517, "osm_type": "ways_poly", "operator": null, "operator_type": null, "staff_count_nurses": null, "health_facility_level": null, "medical_system_western": null, "name": "Gereja GSJA Bhetel", "toilets_disposal": null, "health_facility_type": null, "isced_level": null, "opening_hours": null, "military": null, "toilets_handwashing": null, "building": "yes", "status": null, "access": null, "landuse": null, "denomination": null, "health_facility_bed": null, "capacity": null, "staff_count_doctors": null, "religion": "christian", "amenity": "place_of_worship"}},{"type": "Feature", "geometry": {"type":"Polygon","coordinates":[[[131.2561253,-0.8752519],[131.2561596,-0.8752854],[131.256157,-0.8753308],[131.2563353,-0.875341],[131.2563377,-0.8752989],[131.2563769,-0.8752694],[131.2563871,-0.8751125],[131.2563124,-0.8750144],[131.2562182,-0.8750097],[131.2561319,-0.8750897],[131.2561253,-0.8752519]]]}, "properties": {"osm_id": 886749488, "osm_type": "ways_poly", "operator": null, "operator_type": null, "staff_count_nurses": null, "health_facility_level": null, "medical_system_western": null, "name": null, "toilets_disposal": null, "health_facility_type": null, "isced_level": null, "opening_hours": null, "military": null, "toilets_handwashing": null, "building": "yes", "status": null, "access": null, "landuse": null, "denomination": null, "health_facility_bed": null, "capacity": null, "staff_count_doctors": null, "religion": "christian", "amenity": "place_of_worship"}},{"type": "Feature", "geometry": {"type":"Polygon","coordinates":[[[131.2601415,-0.8750903],[131.260301,-0.8751774],[131.2603605,-0.8750686],[131.260201,-0.8749815],[131.2601415,-0.8750903]]]}, "properties": {"osm_id": 507800566, "osm_type": "ways_poly", "operator": null, "operator_type": null, "staff_count_nurses": null, "health_facility_level": null, "medical_system_western": null, "name": "Gereja Baptis", "toilets_disposal": null, "health_facility_type": null, "isced_level": null, "opening_hours": null, "military": null, "toilets_handwashing": null, "building": "yes", "status": null, "access": null, "landuse": null, "denomination": null, "health_facility_bed": null, "capacity": null, "staff_count_doctors": null, "religion": "christian", "amenity": "place_of_worship"}},{"type": "Feature", "geometry": {"type":"Polygon","coordinates":[[[131.2591533,-0.8754832],[131.2593741,-0.8756099],[131.2594573,-0.8754651],[131.2592364,-0.8753383],[131.2591533,-0.8754832]]]}, "properties": {"osm_id": 507800737, "osm_type": "ways_poly", "operator": null, "operator_type": null, "staff_count_nurses": null, "health_facility_level": null, "medical_system_western": null, "name": "Masjid Albitrul", "toilets_disposal": null, "health_facility_type": null, "isced_level": null, "opening_hours": null, "military": null, "toilets_handwashing": null, "building": "yes", "status": null, "access": null, "landuse": null, "denomination": null, "health_facility_bed": null, "capacity": null, "staff_count_doctors": null, "religion": "muslim", "amenity": "place_of_worship"}},{"type": "Feature", "geometry": {"type":"Polygon","coordinates":[[[131.2569843,-0.8756131],[131.2571685,-0.8756554],[131.2572353,-0.8753642],[131.2570511,-0.8753219],[131.2569843,-0.8756131]]]}, "properties": {"osm_id": 507800747, "osm_type": "ways_poly", "operator": null, "operator_type": null, "staff_count_nurses": null, "health_facility_level": null, "medical_system_western": null, "name": "GPDP Anugerah Sorong", "toilets_disposal": null, "health_facility_type": null, "isced_level": null, "opening_hours": null, "military": null, "toilets_handwashing": null, "building": "yes", "status": null, "access": null, "landuse": null, "denomination": null, "health_facility_bed": null, "capacity": null, "staff_count_doctors": null, "religion": "christian", "amenity": "place_of_worship"}},{"type": "Feature", "geometry": {"type":"Polygon","coordinates":[[[131.2798371,-0.8799959],[131.2799638,-0.8800411],[131.2799987,-0.8799432],[131.2798719,-0.879898],[131.2798371,-0.8799959]]]}, "properties": {"osm_id": 508001322, "osm_type": "ways_poly", "operator": null, "operator_type": null, "staff_count_nurses": null, "health_facility_level": null, "medical_system_western": null, "name": "Mushola", "toilets_disposal": null, "health_facility_type": null, "isced_level": null, "opening_hours": null, "military": null, "toilets_handwashing": null, "building": "yes", "status": null, "access": null, "landuse": null, "denomination": null, "health_facility_bed": null, "capacity": null, "staff_count_doctors": null, "religion": "muslim", "amenity": "place_of_worship"}},{"type": "Feature", "geometry": {"type":"Polygon","coordinates":[[[131.2865527,-0.8809422],[131.2865938,-0.8809787],[131.2866368,-0.8809883],[131.2867052,-0.8808636],[131.2866211,-0.8808175],[131.2865527,-0.8809422]]]}, "properties": {"osm_id": 508001243, "osm_type": "ways_poly", "operator": null, "operator_type": null, "staff_count_nurses": null, "health_facility_level": null, "medical_system_western": null, "name": "Gereja", "toilets_disposal": null, "health_facility_type": null, "isced_level": null, "opening_hours": null, "military": null, "toilets_handwashing": null, "building": "yes", "status": null, "access": null, "landuse": null, "denomination": null, "health_facility_bed": null, "capacity": null, "staff_count_doctors": null, "religion": "christian", "amenity": "place_of_worship"}},{"type": "Feature", "geometry": {"type":"Polygon","coordinates":[[[131.2552312,-0.8721711],[131.2553175,-0.8721728],[131.2553201,-0.8720428],[131.2552339,-0.872041],[131.2552312,-0.8721711]]]}, "properties": {"osm_id": 507800779, "osm_type": "ways_poly", "operator": null, "operator_type": null, "staff_count_nurses": null, "health_facility_level": null, "medical_system_western": null, "name": "GKI Sion", "toilets_disposal": null, "health_facility_type": null, "isced_level": null, "opening_hours": null, "military": null, "toilets_handwashing": null, "building": "yes", "status": null, "access": null, "landuse": null, "denomination": null, "health_facility_bed": null, "capacity": null, "staff_count_doctors": null, "religion": "christian", "amenity": "place_of_worship"}},{"type": "Feature", "geometry": {"type":"Polygon","coordinates":[[[131.3104606,-0.8809328],[131.310592,-0.8809328],[131.310592,-0.8808054],[131.3104606,-0.8808054],[131.3104606,-0.8809328]]]}, "properties": {"osm_id": 530140929, "osm_type": "ways_poly", "operator": null, "operator_type": null, "staff_count_nurses": null, "health_facility_level": null, "medical_system_western": null, "name": "Pustu", "toilets_disposal": null, "health_facility_type": null, "isced_level": null, "opening_hours": null, "military": null, "toilets_handwashing": null, "building": "yes", "status": null, "access": null, "landuse": null, "denomination": null, "health_facility_bed": null, "capacity": null, "staff_count_doctors": null, "religion": null, "amenity": "clinic"}},{"type": "Feature", "geometry": {"type":"Polygon","coordinates":[[[131.3059166,-0.8820811],[131.3060296,-0.882084],[131.3060318,-0.8819944],[131.3059189,-0.8819915],[131.3059166,-0.8820811]]]}, "properties": {"osm_id": 530140933, "osm_type": "ways_poly", "operator": null, "operator_type": null, "staff_count_nurses": null, "health_facility_level": null, "medical_system_western": null, "name": "Mushola Yayasan", "toilets_disposal": null, "health_facility_type": null, "isced_level": null, "opening_hours": null, "military": null, "toilets_handwashing": null, "building": "yes", "status": null, "access": null, "landuse": null, "denomination": null, "health_facility_bed": null, "capacity": null, "staff_count_doctors": null, "religion": "muslim", "amenity": "place_of_worship"}},{"type": "Feature", "geometry": {"type":"Polygon","coordinates":[[[131.3060872,-0.8804367],[131.3061301,-0.8807317],[131.3063561,-0.8806988],[131.3063132,-0.8804038],[131.3060872,-0.8804367]]]}, "properties": {"osm_id": 508564029, "osm_type": "ways_poly", "operator": null, "operator_type": null, "staff_count_nurses": null, "health_facility_level": null, "medical_system_western": null, "name": "GKI Tiberias Sorong", "toilets_disposal": null, "health_facility_type": null, "isced_level": null, "opening_hours": null, "military": null, "toilets_handwashing": null, "building": "yes", "status": null, "access": null, "landuse": null, "denomination": null, "health_facility_bed": null, "capacity": null, "staff_count_doctors": null, "religion": "christian", "amenity": "place_of_worship"}},{"type": "Feature", "geometry": {"type":"Polygon","coordinates":[[[131.305241,-0.8808594],[131.3053456,-0.8808922],[131.3053737,-0.8808028],[131.3052691,-0.8807699],[131.305241,-0.8808594]]]}, "properties": {"osm_id": 508564041, "osm_type": "ways_poly", "operator": null, "operator_type": null, "staff_count_nurses": null, "health_facility_level": null, "medical_system_western": null, "name": null, "toilets_disposal": null, "health_facility_type": null, "isced_level": null, "opening_hours": null, "military": null, "toilets_handwashing": null, "building": "yes", "status": null, "access": null, "landuse": null, "denomination": null, "health_facility_bed": null, "capacity": null, "staff_count_doctors": null, "religion": "muslim", "amenity": "place_of_worship"}},{"type": "Feature", "geometry": {"type":"Polygon","coordinates":[[[131.2986574,-0.8797847],[131.2988037,-0.8798265],[131.2988439,-0.8796857],[131.2986976,-0.8796439],[131.2986574,-0.8797847]]]}, "properties": {"osm_id": 505975995, "osm_type": "ways_poly", "operator": null, "operator_type": null, "staff_count_nurses": null, "health_facility_level": null, "medical_system_western": null, "name": "Masjid Miftahul Jannah", "toilets_disposal": null, "health_facility_type": null, "isced_level": null, "opening_hours": null, "military": null, "toilets_handwashing": null, "building": "yes", "status": null, "access": null, "landuse": null, "denomination": null, "health_facility_bed": null, "capacity": null, "staff_count_doctors": null, "religion": "muslim", "amenity": "place_of_worship"}},{"type": "Feature", "geometry": {"type":"Polygon","coordinates":[[[131.2992221,-0.8835088],[131.2992489,-0.8837086],[131.29938,-0.883691],[131.2993532,-0.8834912],[131.2992221,-0.8835088]]]}, "properties": {"osm_id": 505976020, "osm_type": "ways_poly", "operator": null, "operator_type": null, "staff_count_nurses": null, "health_facility_level": null, "medical_system_western": null, "name": "Gereja Bukit Hermon", "toilets_disposal": null, "health_facility_type": null, "isced_level": null, "opening_hours": null, "military": null, "toilets_handwashing": null, "building": "yes", "status": null, "access": null, "landuse": null, "denomination": null, "health_facility_bed": null, "capacity": null, "staff_count_doctors": null, "religion": "christian", "amenity": "place_of_worship"}},{"type": "Feature", "geometry": {"type":"Polygon","coordinates":[[[131.2976128,-0.8829107],[131.2976482,-0.8831086],[131.2979781,-0.8830496],[131.2979427,-0.8828517],[131.2976128,-0.8829107]]]}, "properties": {"osm_id": 505976027, "osm_type": "ways_poly", "operator": null, "operator_type": null, "staff_count_nurses": null, "health_facility_level": null, "medical_system_western": null, "name": "Gereja Kristen Indonesia Sion", "toilets_disposal": null, "health_facility_type": null, "isced_level": null, "opening_hours": null, "military": null, "toilets_handwashing": null, "building": "yes", "status": null, "access": null, "landuse": null, "denomination": null, "health_facility_bed": null, "capacity": null, "staff_count_doctors": null, "religion": "christian", "amenity": "place_of_worship"}},{"type": "Feature", "geometry": {"type":"Polygon","coordinates":[[[131.2957876,-0.8812345],[131.295801,-0.8814316],[131.2959058,-0.8814245],[131.2958924,-0.8812274],[131.2957876,-0.8812345]]]}, "properties": {"osm_id": 506019028, "osm_type": "ways_poly", "operator": null, "operator_type": null, "staff_count_nurses": null, "health_facility_level": null, "medical_system_western": null, "name": "Gereja Misi Indonesia", "toilets_disposal": null, "health_facility_type": null, "isced_level": null, "opening_hours": null, "military": null, "toilets_handwashing": null, "building": "yes", "status": null, "access": null, "landuse": null, "denomination": null, "health_facility_bed": null, "capacity": null, "staff_count_doctors": null, "religion": "christian", "amenity": "place_of_worship"}},{"type": "Feature", "geometry": {"type":"Polygon","coordinates":[[[131.2979695,-0.8841458],[131.2979856,-0.8842638],[131.2980462,-0.8842555],[131.2980301,-0.8841375],[131.2979695,-0.8841458]]]}, "properties": {"osm_id": 507628586, "osm_type": "ways_poly", "operator": null, "operator_type": null, "staff_count_nurses": null, "health_facility_level": null, "medical_system_western": null, "name": "Gereja Bethel Indonesia", "toilets_disposal": null, "health_facility_type": null, "isced_level": null, "opening_hours": null, "military": null, "toilets_handwashing": null, "building": "yes", "status": null, "access": null, "landuse": null, "denomination": null, "health_facility_bed": null, "capacity": null, "staff_count_doctors": null, "religion": "christian", "amenity": "place_of_worship"}},{"type": "Feature", "geometry": {"type":"Polygon","coordinates":[[[131.3350873,-0.8761095],[131.3352778,-0.8761612],[131.3353153,-0.8760231],[131.3351249,-0.8759713],[131.3350873,-0.8761095]]]}, "properties": {"osm_id": 508599203, "osm_type": "ways_poly", "operator": null, "operator_type": null, "staff_count_nurses": null, "health_facility_level": null, "medical_system_western": null, "name": "Masjid Daarul Atsar Al Islamy", "toilets_disposal": null, "health_facility_type": null, "isced_level": null, "opening_hours": null, "military": null, "toilets_handwashing": null, "building": "yes", "status": null, "access": null, "landuse": null, "denomination": null, "health_facility_bed": null, "capacity": null, "staff_count_doctors": null, "religion": "muslim", "amenity": "place_of_worship"}},{"type": "Feature", "geometry": {"type":"Polygon","coordinates":[[[131.2162428,-0.8384226],[131.2163219,-0.8384669],[131.2163928,-0.8383401],[131.2163137,-0.8382959],[131.2162428,-0.8384226]]]}, "properties": {"osm_id": 530178664, "osm_type": "ways_poly", "operator": null, "operator_type": null, "staff_count_nurses": null, "health_facility_level": null, "medical_system_western": null, "name": "Gereja Petra", "toilets_disposal": null, "health_facility_type": null, "isced_level": null, "opening_hours": null, "military": null, "toilets_handwashing": null, "building": "yes", "status": null, "access": null, "landuse": null, "denomination": null, "health_facility_bed": null, "capacity": null, "staff_count_doctors": null, "religion": "christian", "amenity": "place_of_worship"}},{"type": "Feature", "geometry": {"type":"Polygon","coordinates":[[[131.2168007,-0.8396514],[131.216853,-0.839691],[131.2169219,-0.8395999],[131.2168696,-0.8395604],[131.2168007,-0.8396514]]]}, "properties": {"osm_id": 530178672, "osm_type": "ways_poly", "operator": null, "operator_type": null, "staff_count_nurses": null, "health_facility_level": null, "medical_system_western": null, "name": "Polindes", "toilets_disposal": null, "health_facility_type": null, "isced_level": null, "opening_hours": null, "military": null, "toilets_handwashing": null, "building": "yes", "status": null, "access": null, "landuse": null, "denomination": null, "health_facility_bed": null, "capacity": null, "staff_count_doctors": null, "religion": null, "amenity": "clinic"}},{"type": "Feature", "geometry": {"type":"Polygon","coordinates":[[[131.2151684,-0.8399258],[131.215253,-0.8399654],[131.2152825,-0.8399024],[131.2151979,-0.8398628],[131.2151684,-0.8399258]]]}, "properties": {"osm_id": 506514881, "osm_type": "ways_poly", "operator": null, "operator_type": null, "staff_count_nurses": null, "health_facility_level": null, "medical_system_western": null, "name": "Gereja Pantekosta GPDI", "toilets_disposal": null, "health_facility_type": null, "isced_level": null, "opening_hours": null, "military": null, "toilets_handwashing": null, "building": "yes", "status": null, "access": null, "landuse": null, "denomination": null, "health_facility_bed": null, "capacity": null, "staff_count_doctors": null, "religion": "christian", "amenity": "place_of_worship"}},{"type": "Feature", "geometry": {"type":"Polygon","coordinates":[[[131.2167127,-0.838244],[131.2168277,-0.8383225],[131.2168826,-0.8382421],[131.2167676,-0.8381635],[131.2167127,-0.838244]]]}, "properties": {"osm_id": 506514914, "osm_type": "ways_poly", "operator": null, "operator_type": null, "staff_count_nurses": null, "health_facility_level": null, "medical_system_western": null, "name": "Puskesmas Pembantu", "toilets_disposal": null, "health_facility_type": null, "isced_level": null, "opening_hours": null, "military": null, "toilets_handwashing": null, "building": "yes", "status": null, "access": null, "landuse": null, "denomination": null, "health_facility_bed": null, "capacity": null, "staff_count_doctors": null, "religion": null, "amenity": "clinic"}},{"type": "Feature", "geometry": {"type":"Polygon","coordinates":[[[131.2180303,-0.8388872],[131.2181416,-0.8388872],[131.2181416,-0.8387384],[131.2180303,-0.8387384],[131.2180303,-0.8388872]]]}, "properties": {"osm_id": 506515089, "osm_type": "ways_poly", "operator": null, "operator_type": null, "staff_count_nurses": null, "health_facility_level": null, "medical_system_western": null, "name": "Masjid Al Akbar", "toilets_disposal": null, "health_facility_type": null, "isced_level": null, "opening_hours": null, "military": null, "toilets_handwashing": null, "building": "yes", "status": null, "access": null, "landuse": null, "denomination": null, "health_facility_bed": null, "capacity": null, "staff_count_doctors": null, "religion": "muslim", "amenity": "place_of_worship"}},{"type": "Feature", "geometry": {"type":"Polygon","coordinates":[[[131.2304474,-0.8295201],[131.2304918,-0.8295303],[131.2304624,-0.8296575],[131.2305921,-0.8296875],[131.2306228,-0.829555],[131.2306733,-0.8295667],[131.2306982,-0.8294592],[131.230656,-0.8294495],[131.2306661,-0.8294059],[131.2305376,-0.8293762],[131.2305262,-0.829425],[131.2304723,-0.8294125],[131.2304474,-0.8295201]]]}, "properties": {"osm_id": 506244768, "osm_type": "ways_poly", "operator": null, "operator_type": null, "staff_count_nurses": null, "health_facility_level": null, "medical_system_western": null, "name": "GKI Immanuel Suprau", "toilets_disposal": null, "health_facility_type": null, "isced_level": null, "opening_hours": null, "military": null, "toilets_handwashing": null, "building": "yes", "status": null, "access": null, "landuse": null, "denomination": null, "health_facility_bed": null, "capacity": null, "staff_count_doctors": null, "religion": "christian", "amenity": "place_of_worship"}},{"type": "Feature", "geometry": {"type":"Polygon","coordinates":[[[131.2457035,-0.8548292],[131.2457102,-0.8549177],[131.2458609,-0.8549063],[131.2458542,-0.8548178],[131.2457035,-0.8548292]]]}, "properties": {"osm_id": 506866632, "osm_type": "ways_poly", "operator": null, "operator_type": null, "staff_count_nurses": null, "health_facility_level": null, "medical_system_western": null, "name": "Gereja GPDi Yesurun", "toilets_disposal": null, "health_facility_type": null, "isced_level": null, "opening_hours": null, "military": null, "toilets_handwashing": null, "building": "yes", "status": null, "access": null, "landuse": null, "denomination": null, "health_facility_bed": null, "capacity": null, "staff_count_doctors": null, "religion": "christian", "amenity": "place_of_worship"}},{"type": "Feature", "geometry": {"type":"Polygon","coordinates":[[[131.2467621,-0.8547253],[131.2467876,-0.854854],[131.246883,-0.8548351],[131.2468575,-0.8547064],[131.2467621,-0.8547253]]]}, "properties": {"osm_id": 506866734, "osm_type": "ways_poly", "operator": null, "operator_type": null, "staff_count_nurses": null, "health_facility_level": null, "medical_system_western": null, "name": "Gereja GPDI Tasik Tiberias", "toilets_disposal": null, "health_facility_type": null, "isced_level": null, "opening_hours": null, "military": null, "toilets_handwashing": null, "building": "yes", "status": null, "access": null, "landuse": null, "denomination": null, "health_facility_bed": null, "capacity": null, "staff_count_doctors": null, "religion": "christian", "amenity": "place_of_worship"}},{"type": "Feature", "geometry": {"type":"Polygon","coordinates":[[[131.2474179,-0.8573187],[131.2474903,-0.8573187],[131.2474903,-0.8571712],[131.2474179,-0.8571712],[131.2474179,-0.8573187]]]}, "properties": {"osm_id": 507706937, "osm_type": "ways_poly", "operator": null, "operator_type": null, "staff_count_nurses": null, "health_facility_level": null, "medical_system_western": null, "name": "Gereja GPDi Batu Karang", "toilets_disposal": null, "health_facility_type": null, "isced_level": null, "opening_hours": null, "military": null, "toilets_handwashing": null, "building": "yes", "status": null, "access": null, "landuse": null, "denomination": null, "health_facility_bed": null, "capacity": null, "staff_count_doctors": null, "religion": "christian", "amenity": "place_of_worship"}},{"type": "Feature", "geometry": {"type":"Polygon","coordinates":[[[131.3063836,-0.880139],[131.3066438,-0.880139],[131.3066438,-0.8800532],[131.3063836,-0.8800532],[131.3063836,-0.880139]]]}, "properties": {"osm_id": 529863017, "osm_type": "ways_poly", "operator": null, "operator_type": null, "staff_count_nurses": null, "health_facility_level": null, "medical_system_western": null, "name": null, "toilets_disposal": null, "health_facility_type": null, "isced_level": null, "opening_hours": null, "military": null, "toilets_handwashing": null, "building": "yes", "status": null, "access": null, "landuse": null, "denomination": null, "health_facility_bed": null, "capacity": null, "staff_count_doctors": null, "religion": "muslim", "amenity": "place_of_worship"}},{"type": "Feature", "geometry": {"type":"Polygon","coordinates":[[[131.2424282,-0.8408555],[131.2424306,-0.8409152],[131.2424815,-0.8409132],[131.2424886,-0.8410918],[131.242674,-0.8410845],[131.2426692,-0.8409637],[131.2425995,-0.8409665],[131.2425916,-0.8407687],[131.2426455,-0.8407666],[131.2426415,-0.8406664],[131.2424715,-0.8406732],[131.2424786,-0.8408535],[131.2424282,-0.8408555]]]}, "properties": {"osm_id": 506503925, "osm_type": "ways_poly", "operator": null, "operator_type": null, "staff_count_nurses": null, "health_facility_level": null, "medical_system_western": null, "name": "Polairud", "toilets_disposal": null, "health_facility_type": null, "isced_level": null, "opening_hours": null, "military": null, "toilets_handwashing": null, "building": "yes", "status": null, "access": null, "landuse": null, "denomination": null, "health_facility_bed": null, "capacity": null, "staff_count_doctors": null, "religion": null, "amenity": "police"}},{"type": "Feature", "geometry": {"type":"Polygon","coordinates":[[[131.2426791,-0.8407015],[131.2426939,-0.8410448],[131.2427953,-0.8410404],[131.2427805,-0.8406971],[131.2426791,-0.8407015]]]}, "properties": {"osm_id": 506503924, "osm_type": "ways_poly", "operator": null, "operator_type": null, "staff_count_nurses": null, "health_facility_level": null, "medical_system_western": null, "name": "Polairud", "toilets_disposal": null, "health_facility_type": null, "isced_level": null, "opening_hours": null, "military": null, "toilets_handwashing": null, "building": "yes", "status": null, "access": null, "landuse": null, "denomination": null, "health_facility_bed": null, "capacity": null, "staff_count_doctors": null, "religion": null, "amenity": "police"}},{"type": "Feature", "geometry": {"type":"Polygon","coordinates":[[[131.242924,-0.8397941],[131.2429378,-0.8400362],[131.2430852,-0.8400278],[131.2430714,-0.8397857],[131.242924,-0.8397941]]]}, "properties": {"osm_id": 506868727, "osm_type": "ways_poly", "operator": null, "operator_type": null, "staff_count_nurses": null, "health_facility_level": null, "medical_system_western": null, "name": "Puskesmas Tanpa Garam", "toilets_disposal": null, "health_facility_type": null, "isced_level": null, "opening_hours": null, "military": null, "toilets_handwashing": null, "building": "yes", "status": null, "access": null, "landuse": null, "denomination": null, "health_facility_bed": null, "capacity": null, "staff_count_doctors": null, "religion": null, "amenity": "clinic"}},{"type": "Feature", "geometry": {"type":"Polygon","coordinates":[[[131.2436253,-0.8383428],[131.2436628,-0.8384796],[131.2439054,-0.838413],[131.2438679,-0.8382762],[131.2436253,-0.8383428]]]}, "properties": {"osm_id": 506868736, "osm_type": "ways_poly", "operator": null, "operator_type": null, "staff_count_nurses": null, "health_facility_level": null, "medical_system_western": null, "name": "Gereja Bukit Sion", "toilets_disposal": null, "health_facility_type": null, "isced_level": null, "opening_hours": null, "military": null, "toilets_handwashing": null, "building": "yes", "status": null, "access": null, "landuse": null, "denomination": null, "health_facility_bed": null, "capacity": null, "staff_count_doctors": null, "religion": "christian", "amenity": "place_of_worship"}},{"type": "Feature", "geometry": {"type":"Polygon","coordinates":[[[131.2611409,-0.8788464],[131.2613603,-0.8790065],[131.2615782,-0.878708],[131.2614855,-0.8786161],[131.2613535,-0.8785439],[131.2612744,-0.8786522],[131.2614027,-0.8787458],[131.2613182,-0.8788616],[131.2611953,-0.8787719],[131.2611409,-0.8788464]]]}, "properties": {"osm_id": 507799940, "osm_type": "ways_poly", "operator": null, "operator_type": null, "staff_count_nurses": null, "health_facility_level": null, "medical_system_western": null, "name": "El. Tabermakel", "toilets_disposal": null, "health_facility_type": null, "isced_level": null, "opening_hours": null, "military": null, "toilets_handwashing": null, "building": "yes", "status": null, "access": null, "landuse": null, "denomination": null, "health_facility_bed": null, "capacity": null, "staff_count_doctors": null, "religion": "christian", "amenity": "place_of_worship"}},{"type": "Feature", "geometry": {"type":"Polygon","coordinates":[[[131.2626046,-0.8782617],[131.2626725,-0.8783196],[131.2627744,-0.8782002],[131.2627065,-0.8781423],[131.2626046,-0.8782617]]]}, "properties": {"osm_id": 507800213, "osm_type": "ways_poly", "operator": "Ministry of Health", "operator_type": "government", "staff_count_nurses": null, "health_facility_level": null, "medical_system_western": null, "name": "Puskesmas Pembantu", "toilets_disposal": null, "health_facility_type": null, "isced_level": null, "opening_hours": null, "military": null, "toilets_handwashing": null, "building": "yes", "status": null, "access": null, "landuse": null, "denomination": null, "health_facility_bed": null, "capacity": null, "staff_count_doctors": null, "religion": null, "amenity": "clinic"}},{"type": "Feature", "geometry": {"type":"Polygon","coordinates":[[[131.2762249,-0.8892802],[131.2762973,-0.8894532],[131.2765235,-0.8893585],[131.2764511,-0.8891855],[131.2762249,-0.8892802]]]}, "properties": {"osm_id": 529890784, "osm_type": "ways_poly", "operator": "Ministry of Health", "operator_type": "government", "staff_count_nurses": null, "health_facility_level": null, "medical_system_western": null, "name": "Puskesmas Malawei", "toilets_disposal": null, "health_facility_type": null, "isced_level": null, "opening_hours": null, "military": null, "toilets_handwashing": null, "building": "yes", "status": null, "access": null, "landuse": null, "denomination": null, "health_facility_bed": null, "capacity": null, "staff_count_doctors": null, "religion": null, "amenity": "clinic"}},{"type": "Feature", "geometry": {"type":"Polygon","coordinates":[[[131.2559644,-0.8758179],[131.2559858,-0.8759145],[131.256406,-0.8758211],[131.2563846,-0.8757246],[131.2559644,-0.8758179]]]}, "properties": {"osm_id": 507800741, "osm_type": "ways_poly", "operator": null, "operator_type": null, "staff_count_nurses": null, "health_facility_level": null, "medical_system_western": null, "name": "Polsek Sorong Kota", "toilets_disposal": null, "health_facility_type": null, "isced_level": null, "opening_hours": null, "military": null, "toilets_handwashing": null, "building": "yes", "status": null, "access": null, "landuse": null, "denomination": null, "health_facility_bed": null, "capacity": null, "staff_count_doctors": null, "religion": null, "amenity": "police"}},{"type": "Feature", "geometry": {"type":"Polygon","coordinates":[[[131.3116059,-0.8744031],[131.3117456,-0.8744507],[131.3117946,-0.8743073],[131.3116548,-0.8742596],[131.3116059,-0.8744031]]]}, "properties": {"osm_id": 509119606, "osm_type": "ways_poly", "operator": null, "operator_type": null, "staff_count_nurses": null, "health_facility_level": null, "medical_system_western": null, "name": null, "toilets_disposal": null, "health_facility_type": null, "isced_level": null, "opening_hours": null, "military": null, "toilets_handwashing": null, "building": "yes", "status": null, "access": null, "landuse": null, "denomination": null, "health_facility_bed": null, "capacity": null, "staff_count_doctors": null, "religion": "muslim", "amenity": "place_of_worship"}},{"type": "Feature", "geometry": {"type":"Polygon","coordinates":[[[131.2817068,-0.8821174],[131.2819275,-0.8822388],[131.2821481,-0.8823195],[131.282304,-0.881979],[131.2818627,-0.8817769],[131.2817068,-0.8821174]]]}, "properties": {"osm_id": 423688393, "osm_type": "ways_poly", "operator": null, "operator_type": null, "staff_count_nurses": null, "health_facility_level": null, "medical_system_western": null, "name": "Masjid Raya Al_Akbar", "toilets_disposal": null, "health_facility_type": null, "isced_level": null, "opening_hours": null, "military": null, "toilets_handwashing": null, "building": "yes", "status": null, "access": null, "landuse": null, "denomination": null, "health_facility_bed": null, "capacity": null, "staff_count_doctors": null, "religion": "muslim", "amenity": "place_of_worship"}},{"type": "Feature", "geometry": {"type":"Polygon","coordinates":[[[131.3034199,-0.9022673],[131.3035366,-0.9022941],[131.3035598,-0.9021934],[131.3034431,-0.9021666],[131.3034199,-0.9022673]]]}, "properties": {"osm_id": 530177966, "osm_type": "ways_poly", "operator": null, "operator_type": null, "staff_count_nurses": null, "health_facility_level": null, "medical_system_western": null, "name": null, "toilets_disposal": null, "health_facility_type": null, "isced_level": null, "opening_hours": null, "military": null, "toilets_handwashing": null, "building": "mosque", "status": null, "access": null, "landuse": null, "denomination": null, "health_facility_bed": null, "capacity": null, "staff_count_doctors": null, "religion": "muslim", "amenity": "place_of_worship"}},{"type": "Feature", "geometry": {"type":"Polygon","coordinates":[[[131.3184444,-0.886312],[131.3185114,-0.8864118],[131.3185987,-0.8863531],[131.3185317,-0.8862534],[131.3184444,-0.886312]]]}, "properties": {"osm_id": 509412095, "osm_type": "ways_poly", "operator": null, "operator_type": null, "staff_count_nurses": null, "health_facility_level": null, "medical_system_western": null, "name": null, "toilets_disposal": null, "health_facility_type": null, "isced_level": null, "opening_hours": null, "military": null, "toilets_handwashing": null, "building": "mosque", "status": null, "access": null, "landuse": null, "denomination": null, "health_facility_bed": null, "capacity": null, "staff_count_doctors": null, "religion": "muslim", "amenity": "place_of_worship"}},{"type": "Feature", "geometry": {"type":"Polygon","coordinates":[[[131.3739879,-0.9490088],[131.3740171,-0.9490105],[131.3740161,-0.9490284],[131.374131,-0.9490351],[131.3741355,-0.9489592],[131.374021,-0.9489525],[131.3740206,-0.9489593],[131.3739909,-0.9489575],[131.3739879,-0.9490088]]]}, "properties": {"osm_id": 530170910, "osm_type": "ways_poly", "operator": null, "operator_type": null, "staff_count_nurses": null, "health_facility_level": null, "medical_system_western": null, "name": "Gereja GKI", "toilets_disposal": null, "health_facility_type": null, "isced_level": null, "opening_hours": null, "military": null, "toilets_handwashing": null, "building": "yes", "status": null, "access": null, "landuse": null, "denomination": null, "health_facility_bed": null, "capacity": null, "staff_count_doctors": null, "religion": "christian", "amenity": "place_of_worship"}},{"type": "Feature", "geometry": {"type":"Polygon","coordinates":[[[131.284754,-0.883365],[131.2848656,-0.8834377],[131.2849367,-0.8833224],[131.2848251,-0.8832483],[131.284754,-0.883365]]]}, "properties": {"osm_id": 508001889, "osm_type": "ways_poly", "operator": null, "operator_type": null, "staff_count_nurses": null, "health_facility_level": null, "medical_system_western": null, "name": "Command Center Polresta Sorong Kota", "toilets_disposal": null, "health_facility_type": null, "isced_level": null, "opening_hours": null, "military": null, "toilets_handwashing": null, "building": "yes", "status": null, "access": null, "landuse": null, "denomination": null, "health_facility_bed": null, "capacity": null, "staff_count_doctors": null, "religion": null, "amenity": "police"}},{"type": "Feature", "geometry": {"type":"Polygon","coordinates":[[[131.3328624,-0.8773485],[131.3330223,-0.8773596],[131.333033,-0.8772054],[131.3328731,-0.8771943],[131.3328624,-0.8773485]]]}, "properties": {"osm_id": 508599070, "osm_type": "ways_poly", "operator": null, "operator_type": null, "staff_count_nurses": null, "health_facility_level": null, "medical_system_western": null, "name": "Masjid Al-Ashar", "toilets_disposal": null, "health_facility_type": null, "isced_level": null, "opening_hours": null, "military": null, "toilets_handwashing": null, "building": "yes", "status": null, "access": null, "landuse": null, "denomination": null, "health_facility_bed": null, "capacity": null, "staff_count_doctors": null, "religion": "muslim", "amenity": "place_of_worship"}},{"type": "Feature", "geometry": {"type":"Polygon","coordinates":[[[131.248301,-0.8624176],[131.2486227,-0.8624518],[131.2490794,-0.860328],[131.2487005,-0.8602926],[131.248301,-0.8624176]]]}, "properties": {"osm_id": 1490427319, "osm_type": "ways_poly", "operator": null, "operator_type": null, "staff_count_nurses": null, "health_facility_level": null, "medical_system_western": null, "name": "Vihara Budha Sorong", "toilets_disposal": null, "health_facility_type": null, "isced_level": null, "opening_hours": null, "military": null, "toilets_handwashing": null, "building": null, "status": null, "access": null, "landuse": null, "denomination": null, "health_facility_bed": null, "capacity": null, "staff_count_doctors": null, "religion": "buddhist", "amenity": "place_of_worship"}},{"type": "Feature", "geometry": {"type":"Polygon","coordinates":[[[131.2716597,-0.882955],[131.2716664,-0.8830542],[131.2717573,-0.8830481],[131.2717505,-0.8829488],[131.2717051,-0.8829478],[131.2716597,-0.882955]]]}, "properties": {"osm_id": 508003054, "osm_type": "ways_poly", "operator": null, "operator_type": null, "staff_count_nurses": null, "health_facility_level": null, "medical_system_western": null, "name": "Klinik Pembantu", "toilets_disposal": null, "health_facility_type": null, "isced_level": null, "opening_hours": null, "military": null, "toilets_handwashing": null, "building": "yes", "status": null, "access": null, "landuse": null, "denomination": null, "health_facility_bed": null, "capacity": null, "staff_count_doctors": null, "religion": null, "amenity": "clinic"}},{"type": "Feature", "geometry": {"type":"Polygon","coordinates":[[[131.2904369,-0.8883992],[131.2905083,-0.8884322],[131.2905548,-0.8883317],[131.2904834,-0.8882987],[131.2904369,-0.8883992]]]}, "properties": {"osm_id": 888185281, "osm_type": "ways_poly", "operator": null, "operator_type": null, "staff_count_nurses": null, "health_facility_level": null, "medical_system_western": null, "name": "Polsek Kawasan Bandara Deo", "toilets_disposal": null, "health_facility_type": null, "isced_level": null, "opening_hours": null, "military": null, "toilets_handwashing": null, "building": "yes", "status": null, "access": null, "landuse": null, "denomination": null, "health_facility_bed": null, "capacity": null, "staff_count_doctors": null, "religion": null, "amenity": "police"}},{"type": "Feature", "geometry": {"type":"Polygon","coordinates":[[[131.3253262,-0.9050285],[131.3254769,-0.90509],[131.3255109,-0.9050067],[131.3255552,-0.9050247],[131.3255859,-0.9049496],[131.3255395,-0.9049307],[131.3255509,-0.9049027],[131.3254023,-0.9048421],[131.3253262,-0.9050285]]]}, "properties": {"osm_id": 508854131, "osm_type": "ways_poly", "operator": null, "operator_type": null, "staff_count_nurses": null, "health_facility_level": null, "medical_system_western": null, "name": null, "toilets_disposal": null, "health_facility_type": null, "isced_level": null, "opening_hours": null, "military": null, "toilets_handwashing": null, "building": "yes", "status": null, "access": null, "landuse": null, "denomination": null, "health_facility_bed": null, "capacity": null, "staff_count_doctors": null, "religion": "muslim", "amenity": "place_of_worship"}},{"type": "Feature", "geometry": {"type":"Polygon","coordinates":[[[131.3263421,-0.9021431],[131.3264688,-0.9023302],[131.3265557,-0.9022713],[131.326429,-0.9020842],[131.3263421,-0.9021431]]]}, "properties": {"osm_id": 508854264, "osm_type": "ways_poly", "operator": null, "operator_type": null, "staff_count_nurses": null, "health_facility_level": null, "medical_system_western": null, "name": "Gereja GBI Bunga Bakung", "toilets_disposal": null, "health_facility_type": null, "isced_level": null, "opening_hours": null, "military": null, "toilets_handwashing": null, "building": "yes", "status": null, "access": null, "landuse": null, "denomination": null, "health_facility_bed": null, "capacity": null, "staff_count_doctors": null, "religion": "christian", "amenity": "place_of_worship"}},{"type": "Feature", "geometry": {"type":"Polygon","coordinates":[[[131.3246944,-0.9101978],[131.3248739,-0.9102869],[131.3249489,-0.9101358],[131.3247694,-0.9100467],[131.3246944,-0.9101978]]]}, "properties": {"osm_id": 508919684, "osm_type": "ways_poly", "operator": null, "operator_type": null, "staff_count_nurses": null, "health_facility_level": null, "medical_system_western": null, "name": "Masjid Baldatun Toyiba", "toilets_disposal": null, "health_facility_type": null, "isced_level": null, "opening_hours": null, "military": null, "toilets_handwashing": null, "building": "yes", "status": null, "access": null, "landuse": null, "denomination": null, "health_facility_bed": null, "capacity": null, "staff_count_doctors": null, "religion": "muslim", "amenity": "place_of_worship"}},{"type": "Feature", "geometry": {"type":"Polygon","coordinates":[[[131.2473435,-0.8641584],[131.2473625,-0.8641604],[131.2473585,-0.8641977],[131.2473813,-0.8642001],[131.2473793,-0.8642191],[131.2474671,-0.8642286],[131.2474689,-0.8642122],[131.247527,-0.8642184],[131.2475249,-0.8642381],[131.2476398,-0.8642504],[131.2476597,-0.864065],[131.2475424,-0.8640524],[131.24754,-0.8640741],[131.247482,-0.8640678],[131.2474833,-0.8640564],[131.2474102,-0.8640485],[131.2474118,-0.8640341],[131.2473745,-0.8640301],[131.2473709,-0.8640634],[131.2473539,-0.8640616],[131.2473435,-0.8641584]]]}, "properties": {"osm_id": 879867351, "osm_type": "ways_poly", "operator": null, "operator_type": null, "staff_count_nurses": null, "health_facility_level": null, "medical_system_western": null, "name": "Klinik Talita Kumi", "toilets_disposal": null, "health_facility_type": null, "isced_level": null, "opening_hours": null, "military": null, "toilets_handwashing": null, "building": "yes", "status": null, "access": null, "landuse": null, "denomination": null, "health_facility_bed": null, "capacity": null, "staff_count_doctors": null, "religion": null, "amenity": "clinic"}},{"type": "Feature", "geometry": {"type":"Polygon","coordinates":[[[131.2473408,-0.863787],[131.2473418,-0.8638127],[131.2473512,-0.8638367],[131.2473679,-0.8638564],[131.24739,-0.8638695],[131.2473883,-0.8638831],[131.2473948,-0.8638951],[131.2474072,-0.8639009],[131.2474223,-0.8639358],[131.2474897,-0.8639387],[131.2475162,-0.8639709],[131.2475655,-0.8639747],[131.2475921,-0.8639482],[131.2477618,-0.8639586],[131.2479079,-0.8638353],[131.2477931,-0.8636907],[131.2476234,-0.8636803],[131.2476006,-0.8636485],[131.2475513,-0.8636457],[131.247521,-0.8636708],[131.2474536,-0.863668],[131.2474289,-0.8636977],[131.2474155,-0.8637002],[131.2474061,-0.8637102],[131.2474044,-0.8637238],[131.2473767,-0.8637307],[131.2473593,-0.8637456],[131.247347,-0.8637649],[131.2473408,-0.863787]]]}, "properties": {"osm_id": 879843883, "osm_type": "ways_poly", "operator": null, "operator_type": null, "staff_count_nurses": null, "health_facility_level": null, "medical_system_western": null, "name": "Gereja Immanuel", "toilets_disposal": null, "health_facility_type": null, "isced_level": null, "opening_hours": null, "military": null, "toilets_handwashing": null, "building": "yes", "status": null, "access": null, "landuse": null, "denomination": null, "health_facility_bed": null, "capacity": null, "staff_count_doctors": null, "religion": "christian", "amenity": "place_of_worship"}},{"type": "Feature", "geometry": {"type":"Polygon","coordinates":[[[131.2456939,-0.8739812],[131.2461983,-0.8742147],[131.2463851,-0.8737664],[131.2462964,-0.873729],[131.2463244,-0.8736357],[131.2464271,-0.8736777],[131.2465345,-0.8735049],[131.2459881,-0.8732481],[131.2459228,-0.8733742],[131.2459881,-0.8734209],[131.2456939,-0.8739812]]]}, "properties": {"osm_id": 634244179, "osm_type": "ways_poly", "operator": null, "operator_type": null, "staff_count_nurses": null, "health_facility_level": null, "medical_system_western": null, "name": "SMK NEGERI 2", "toilets_disposal": null, "health_facility_type": null, "isced_level": null, "opening_hours": null, "military": null, "toilets_handwashing": null, "building": null, "status": null, "access": null, "landuse": null, "denomination": null, "health_facility_bed": null, "capacity": null, "staff_count_doctors": null, "religion": null, "amenity": "school"}},{"type": "Feature", "geometry": {"type":"Polygon","coordinates":[[[131.3311879,-0.8950555],[131.3312664,-0.8950624],[131.3312758,-0.8949551],[131.3311972,-0.8949482],[131.3311879,-0.8950555]]]}, "properties": {"osm_id": 506502179, "osm_type": "ways_poly", "operator": null, "operator_type": null, "staff_count_nurses": null, "health_facility_level": null, "medical_system_western": null, "name": null, "toilets_disposal": null, "health_facility_type": null, "isced_level": null, "opening_hours": null, "military": null, "toilets_handwashing": null, "building": "yes", "status": null, "access": null, "landuse": null, "denomination": null, "health_facility_bed": null, "capacity": null, "staff_count_doctors": null, "religion": "muslim", "amenity": "place_of_worship"}},{"type": "Feature", "geometry": {"type":"Polygon","coordinates":[[[131.3279253,-0.8958613],[131.3280406,-0.8959196],[131.328106,-0.8957902],[131.3279906,-0.8957319],[131.3279253,-0.8958613]]]}, "properties": {"osm_id": 510619791, "osm_type": "ways_poly", "operator": null, "operator_type": null, "staff_count_nurses": null, "health_facility_level": null, "medical_system_western": null, "name": "Masjid Al-Fitrah KPR Mahkota", "toilets_disposal": null, "health_facility_type": null, "isced_level": null, "opening_hours": null, "military": null, "toilets_handwashing": null, "building": "yes", "status": null, "access": null, "landuse": null, "denomination": null, "health_facility_bed": null, "capacity": null, "staff_count_doctors": null, "religion": "muslim", "amenity": "place_of_worship"}},{"type": "Feature", "geometry": {"type":"Polygon","coordinates":[[[131.3223324,-0.8809289],[131.3223347,-0.8810605],[131.3224817,-0.8810579],[131.3224794,-0.8809263],[131.3223324,-0.8809289]]]}, "properties": {"osm_id": 511618469, "osm_type": "ways_poly", "operator": null, "operator_type": null, "staff_count_nurses": null, "health_facility_level": null, "medical_system_western": null, "name": null, "toilets_disposal": null, "health_facility_type": null, "isced_level": null, "opening_hours": null, "military": null, "toilets_handwashing": null, "building": "mosque", "status": null, "access": null, "landuse": null, "denomination": null, "health_facility_bed": null, "capacity": null, "staff_count_doctors": null, "religion": "muslim", "amenity": "place_of_worship"}},{"type": "Feature", "geometry": {"type":"Polygon","coordinates":[[[131.3007818,-0.8914713],[131.3007885,-0.8915585],[131.3008556,-0.8915533],[131.3008489,-0.8914661],[131.3007818,-0.8914713]]]}, "properties": {"osm_id": 509573345, "osm_type": "ways_poly", "operator": null, "operator_type": null, "staff_count_nurses": null, "health_facility_level": null, "medical_system_western": null, "name": "GPI", "toilets_disposal": null, "health_facility_type": null, "isced_level": null, "opening_hours": null, "military": null, "toilets_handwashing": null, "building": "yes", "status": null, "access": null, "landuse": null, "denomination": null, "health_facility_bed": null, "capacity": null, "staff_count_doctors": null, "religion": "christian", "amenity": "place_of_worship"}},{"type": "Feature", "geometry": {"type":"Polygon","coordinates":[[[131.2935734,-0.8885507],[131.2937229,-0.8886157],[131.2938034,-0.8884307],[131.2936538,-0.8883657],[131.2935734,-0.8885507]]]}, "properties": {"osm_id": 507610071, "osm_type": "ways_poly", "operator": null, "operator_type": null, "staff_count_nurses": null, "health_facility_level": null, "medical_system_western": null, "name": "Gereja Alfa Omega", "toilets_disposal": null, "health_facility_type": null, "isced_level": null, "opening_hours": null, "military": null, "toilets_handwashing": null, "building": "yes", "status": null, "access": null, "landuse": null, "denomination": null, "health_facility_bed": null, "capacity": null, "staff_count_doctors": null, "religion": "christian", "amenity": "place_of_worship"}},{"type": "Feature", "geometry": {"type":"Polygon","coordinates":[[[131.3045879,-0.8882772],[131.3045946,-0.8883482],[131.304639,-0.8883441],[131.3046854,-0.8883397],[131.3046787,-0.8882686],[131.3045879,-0.8882772]]]}, "properties": {"osm_id": 509574112, "osm_type": "ways_poly", "operator": null, "operator_type": null, "staff_count_nurses": null, "health_facility_level": null, "medical_system_western": null, "name": "Masjid Al Fatah", "toilets_disposal": null, "health_facility_type": null, "isced_level": null, "opening_hours": null, "military": null, "toilets_handwashing": null, "building": "yes", "status": null, "access": null, "landuse": null, "denomination": null, "health_facility_bed": null, "capacity": "300", "staff_count_doctors": null, "religion": "muslim", "amenity": "place_of_worship"}},{"type": "Feature", "geometry": {"type":"Polygon","coordinates":[[[131.2954429,-0.8882034],[131.2954676,-0.8883621],[131.2956486,-0.8883339],[131.2956239,-0.8881753],[131.2954429,-0.8882034]]]}, "properties": {"osm_id": 530131349, "osm_type": "ways_poly", "operator": null, "operator_type": null, "staff_count_nurses": null, "health_facility_level": null, "medical_system_western": null, "name": "Masjid Raudah", "toilets_disposal": null, "health_facility_type": null, "isced_level": null, "opening_hours": null, "military": null, "toilets_handwashing": null, "building": "yes", "status": null, "access": null, "landuse": null, "denomination": null, "health_facility_bed": null, "capacity": null, "staff_count_doctors": null, "religion": "muslim", "amenity": "place_of_worship"}},{"type": "Feature", "geometry": {"type":"Polygon","coordinates":[[[131.3299075,-0.9027744],[131.3299349,-0.9028512],[131.3300851,-0.9027976],[131.3300577,-0.9027207],[131.3299075,-0.9027744]]]}, "properties": {"osm_id": 508854073, "osm_type": "ways_poly", "operator": null, "operator_type": null, "staff_count_nurses": null, "health_facility_level": null, "medical_system_western": null, "name": "GKI Diaspora", "toilets_disposal": null, "health_facility_type": null, "isced_level": null, "opening_hours": null, "military": null, "toilets_handwashing": null, "building": "yes", "status": null, "access": null, "landuse": null, "denomination": null, "health_facility_bed": null, "capacity": null, "staff_count_doctors": null, "religion": "christian", "amenity": "place_of_worship"}},{"type": "Feature", "geometry": {"type":"Polygon","coordinates":[[[131.3241581,-0.9071079],[131.3248074,-0.9080444],[131.3256443,-0.9075852],[131.3253873,-0.9071556],[131.3256415,-0.9069755],[131.3256291,-0.9069594],[131.3260654,-0.9066749],[131.325906,-0.9064085],[131.3258378,-0.9063099],[131.3257181,-0.9061404],[131.3253258,-0.9063928],[131.3252757,-0.906424],[131.3247045,-0.9067754],[131.3241581,-0.9071079]]]}, "properties": {"osm_id": 899507865, "osm_type": "ways_poly", "operator": null, "operator_type": null, "staff_count_nurses": null, "health_facility_level": null, "medical_system_western": null, "name": "SMP NEGERI 5", "toilets_disposal": null, "health_facility_type": null, "isced_level": null, "opening_hours": null, "military": null, "toilets_handwashing": null, "building": null, "status": null, "access": null, "landuse": null, "denomination": null, "health_facility_bed": null, "capacity": null, "staff_count_doctors": null, "religion": null, "amenity": "school"}},{"type": "Feature", "geometry": {"type":"Polygon","coordinates":[[[131.3071566,-0.8747725],[131.3072798,-0.8749366],[131.3073725,-0.8748544],[131.3072555,-0.8746918],[131.3071566,-0.8747725]]]}, "properties": {"osm_id": 508998432, "osm_type": "ways_poly", "operator": null, "operator_type": null, "staff_count_nurses": null, "health_facility_level": null, "medical_system_western": null, "name": "GBI Bukit Sabda Bahagia Sorong", "toilets_disposal": null, "health_facility_type": null, "isced_level": null, "opening_hours": null, "military": null, "toilets_handwashing": null, "building": "yes", "status": null, "access": null, "landuse": null, "denomination": null, "health_facility_bed": null, "capacity": null, "staff_count_doctors": null, "religion": "christian", "amenity": "place_of_worship"}},{"type": "Feature", "geometry": {"type":"Polygon","coordinates":[[[131.2973861,-0.8740629],[131.2974438,-0.87409],[131.2974639,-0.8740471],[131.2974062,-0.87402],[131.2973861,-0.8740629]]]}, "properties": {"osm_id": 508988454, "osm_type": "ways_poly", "operator": "Ministry of Health", "operator_type": "government", "staff_count_nurses": null, "health_facility_level": null, "medical_system_western": null, "name": "Pustu", "toilets_disposal": null, "health_facility_type": null, "isced_level": null, "opening_hours": null, "military": null, "toilets_handwashing": null, "building": "yes", "status": null, "access": null, "landuse": null, "denomination": null, "health_facility_bed": null, "capacity": null, "staff_count_doctors": null, "religion": null, "amenity": "clinic"}},{"type": "Feature", "geometry": {"type":"Polygon","coordinates":[[[131.3269137,-0.8910218],[131.3271055,-0.8911291],[131.327213,-0.8909369],[131.3270212,-0.8908297],[131.3269137,-0.8910218]]]}, "properties": {"osm_id": 509418816, "osm_type": "ways_poly", "operator": null, "operator_type": null, "staff_count_nurses": null, "health_facility_level": null, "medical_system_western": null, "name": "Masjid Baitusalam", "toilets_disposal": null, "health_facility_type": null, "isced_level": null, "opening_hours": null, "military": null, "toilets_handwashing": null, "building": "yes", "status": null, "access": null, "landuse": null, "denomination": null, "health_facility_bed": null, "capacity": null, "staff_count_doctors": null, "religion": "muslim", "amenity": "place_of_worship"}},{"type": "Feature", "geometry": {"type":"Polygon","coordinates":[[[131.3328074,-0.8942779],[131.3328744,-0.8943758],[131.3329607,-0.8943167],[131.3328936,-0.8942188],[131.3328074,-0.8942779]]]}, "properties": {"osm_id": 506502335, "osm_type": "ways_poly", "operator": null, "operator_type": null, "staff_count_nurses": null, "health_facility_level": null, "medical_system_western": null, "name": "Gereja GPDI", "toilets_disposal": null, "health_facility_type": null, "isced_level": null, "opening_hours": null, "military": null, "toilets_handwashing": null, "building": "yes", "status": null, "access": null, "landuse": null, "denomination": null, "health_facility_bed": null, "capacity": null, "staff_count_doctors": null, "religion": "christian", "amenity": "place_of_worship"}},{"type": "Feature", "geometry": {"type":"Polygon","coordinates":[[[131.3210613,-0.8782221],[131.3212297,-0.8782896],[131.3212921,-0.878134],[131.3211237,-0.8780665],[131.3210613,-0.8782221]]]}, "properties": {"osm_id": 509109838, "osm_type": "ways_poly", "operator": null, "operator_type": null, "staff_count_nurses": null, "health_facility_level": null, "medical_system_western": null, "name": "Masjid Lailatul Qadar", "toilets_disposal": null, "health_facility_type": null, "isced_level": null, "opening_hours": null, "military": null, "toilets_handwashing": null, "building": "yes", "status": null, "access": null, "landuse": null, "denomination": null, "health_facility_bed": null, "capacity": null, "staff_count_doctors": null, "religion": "muslim", "amenity": "place_of_worship"}},{"type": "Feature", "geometry": {"type":"Polygon","coordinates":[[[131.3222287,-0.8791326],[131.3222649,-0.8792816],[131.3224996,-0.8792246],[131.3224634,-0.8790756],[131.3222287,-0.8791326]]]}, "properties": {"osm_id": 509729460, "osm_type": "ways_poly", "operator": null, "operator_type": null, "staff_count_nurses": null, "health_facility_level": null, "medical_system_western": null, "name": "Gereja Efata Matalamagi", "toilets_disposal": null, "health_facility_type": null, "isced_level": null, "opening_hours": null, "military": null, "toilets_handwashing": null, "building": "yes", "status": null, "access": null, "landuse": null, "denomination": null, "health_facility_bed": null, "capacity": null, "staff_count_doctors": null, "religion": "christian", "amenity": "place_of_worship"}},{"type": "Feature", "geometry": {"type":"Polygon","coordinates":[[[131.3038114,-0.8923308],[131.3038573,-0.8923459],[131.3038882,-0.8922521],[131.3038422,-0.892237],[131.3038114,-0.8923308]]]}, "properties": {"osm_id": 509573253, "osm_type": "ways_poly", "operator": null, "operator_type": "government", "staff_count_nurses": null, "health_facility_level": null, "medical_system_western": null, "name": "Pustu Klasabi", "toilets_disposal": null, "health_facility_type": null, "isced_level": null, "opening_hours": null, "military": null, "toilets_handwashing": null, "building": "yes", "status": null, "access": null, "landuse": null, "denomination": null, "health_facility_bed": null, "capacity": null, "staff_count_doctors": null, "religion": null, "amenity": "clinic"}},{"type": "Feature", "geometry": {"type":"Polygon","coordinates":[[[131.3037201,-0.8925281],[131.30381,-0.8925668],[131.3038516,-0.8924703],[131.3037617,-0.8924316],[131.3037201,-0.8925281]]]}, "properties": {"osm_id": 509573252, "osm_type": "ways_poly", "operator": null, "operator_type": null, "staff_count_nurses": null, "health_facility_level": null, "medical_system_western": null, "name": "Galilea", "toilets_disposal": null, "health_facility_type": null, "isced_level": null, "opening_hours": null, "military": null, "toilets_handwashing": null, "building": "yes", "status": null, "access": null, "landuse": null, "denomination": null, "health_facility_bed": null, "capacity": null, "staff_count_doctors": null, "religion": "christian", "amenity": "place_of_worship"}},{"type": "Feature", "geometry": {"type":"Polygon","coordinates":[[[131.3223266,-0.9015789],[131.3223684,-0.9016406],[131.3224307,-0.9015984],[131.3224745,-0.9016631],[131.3224216,-0.9016989],[131.3224584,-0.9017533],[131.3225086,-0.9017193],[131.3225694,-0.9016781],[131.3224586,-0.9015143],[131.3224475,-0.9015219],[131.3224359,-0.9015048],[131.3223266,-0.9015789]]]}, "properties": {"osm_id": 508854358, "osm_type": "ways_poly", "operator": null, "operator_type": null, "staff_count_nurses": null, "health_facility_level": null, "medical_system_western": null, "name": "Polsek Sorong Timur", "toilets_disposal": null, "health_facility_type": null, "isced_level": null, "opening_hours": null, "military": null, "toilets_handwashing": null, "building": "yes", "status": null, "access": null, "landuse": null, "denomination": null, "health_facility_bed": null, "capacity": null, "staff_count_doctors": null, "religion": null, "amenity": "police"}},{"type": "Feature", "geometry": {"type":"Polygon","coordinates":[[[131.3235129,-0.9087443],[131.3235818,-0.9088424],[131.3237213,-0.9087446],[131.3236523,-0.9086464],[131.3235129,-0.9087443]]]}, "properties": {"osm_id": 508866472, "osm_type": "ways_poly", "operator": null, "operator_type": null, "staff_count_nurses": null, "health_facility_level": null, "medical_system_western": null, "name": "Gereja Tiberias", "toilets_disposal": null, "health_facility_type": null, "isced_level": null, "opening_hours": null, "military": null, "toilets_handwashing": null, "building": "yes", "status": null, "access": null, "landuse": null, "denomination": null, "health_facility_bed": null, "capacity": null, "staff_count_doctors": null, "religion": "christian", "amenity": "place_of_worship"}},{"type": "Feature", "geometry": {"type":"Polygon","coordinates":[[[131.3235793,-0.9116319],[131.3236464,-0.9117196],[131.3237497,-0.9116404],[131.3236825,-0.9115528],[131.3235793,-0.9116319]]]}, "properties": {"osm_id": 508919428, "osm_type": "ways_poly", "operator": null, "operator_type": null, "staff_count_nurses": null, "health_facility_level": null, "medical_system_western": null, "name": "Puskesman Moyo", "toilets_disposal": null, "health_facility_type": null, "isced_level": null, "opening_hours": null, "military": null, "toilets_handwashing": null, "building": "yes", "status": null, "access": null, "landuse": null, "denomination": null, "health_facility_bed": null, "capacity": null, "staff_count_doctors": null, "religion": null, "amenity": "clinic"}},{"type": "Feature", "geometry": {"type":"Polygon","coordinates":[[[131.2638744,-0.8802874],[131.2641239,-0.8804028],[131.2640998,-0.8804644],[131.264661,-0.8806964],[131.2647401,-0.8804939],[131.2649614,-0.8805851],[131.2651559,-0.8801319],[131.2641319,-0.8797001],[131.2638744,-0.8802874]],[[131.2639202,-0.8802932],[131.2639524,-0.8802179],[131.2641375,-0.880297],[131.2641053,-0.8803723],[131.2639202,-0.8802932]],[[131.2641549,-0.8804326],[131.2641871,-0.8803361],[131.2642555,-0.8803589],[131.2642233,-0.8804554],[131.2641549,-0.8804326]],[[131.2641965,-0.8803146],[131.2642857,-0.8800954],[131.2642133,-0.880067],[131.2642434,-0.8799901],[131.2645261,-0.8801009],[131.2645385,-0.8800652],[131.2646007,-0.8800868],[131.2645874,-0.880125],[131.2647839,-0.880202],[131.264654,-0.8805175],[131.2645881,-0.8804876],[131.2646934,-0.8802552],[131.2643594,-0.8801243],[131.2642698,-0.8803445],[131.2641965,-0.8803146]],[[131.2642472,-0.8804835],[131.264285,-0.8804018],[131.264694,-0.8805909],[131.2646563,-0.8806726],[131.2642472,-0.8804835]],[[131.2647944,-0.8804959],[131.2648856,-0.8802519],[131.2650105,-0.8802985],[131.2649193,-0.8805426],[131.2647944,-0.8804959]],[[131.2649971,-0.8802154],[131.2650347,-0.880135],[131.2650914,-0.8801614],[131.2650538,-0.8802419],[131.2649971,-0.8802154]]]}, "properties": {"osm_id": 7625980, "osm_type": "relations", "operator": null, "operator_type": null, "staff_count_nurses": null, "health_facility_level": null, "medical_system_western": null, "name": "Kodim 1704 Kota Sorong", "toilets_disposal": null, "health_facility_type": null, "isced_level": null, "opening_hours": null, "military": "range", "toilets_handwashing": null, "building": null, "status": null, "access": null, "landuse": "military", "denomination": null, "health_facility_bed": null, "capacity": null, "staff_count_doctors": null, "religion": null, "amenity": null}},{"type": "Feature", "geometry": {"type":"Polygon","coordinates":[[[131.2738033,-0.8880004],[131.2739365,-0.888151],[131.2741392,-0.8879719],[131.2740059,-0.8878212],[131.2738033,-0.8880004]],[[131.273834,-0.8879911],[131.2739224,-0.8879172],[131.2740217,-0.8880358],[131.2739332,-0.8881098],[131.273834,-0.8879911]],[[131.2739287,-0.8879059],[131.274006,-0.8878418],[131.2741144,-0.8879726],[131.274037,-0.8880367],[131.2739287,-0.8879059]]]}, "properties": {"osm_id": 7626182, "osm_type": "relations", "operator": null, "operator_type": null, "staff_count_nurses": null, "health_facility_level": null, "medical_system_western": null, "name": "Kantor Veteran TNI AD", "toilets_disposal": null, "health_facility_type": null, "isced_level": null, "opening_hours": null, "military": "range", "toilets_handwashing": null, "building": null, "status": null, "access": null, "landuse": "military", "denomination": null, "health_facility_bed": null, "capacity": null, "staff_count_doctors": null, "religion": null, "amenity": null}},{"type": "Feature", "geometry": {"type":"Polygon","coordinates":[[[131.2743965,-0.8829681],[131.2745092,-0.8834589],[131.274878,-0.8833798],[131.2748539,-0.8832618],[131.2752642,-0.8831706],[131.2751958,-0.8828086],[131.2743965,-0.8829681]],[[131.274449,-0.8830183],[131.275093,-0.8828732],[131.2751144,-0.8829684],[131.2744705,-0.8831135],[131.274449,-0.8830183]],[[131.2745283,-0.8831185],[131.2746952,-0.8830925],[131.2747341,-0.8833419],[131.2745672,-0.8833679],[131.2745283,-0.8831185]],[[131.2747617,-0.8831199],[131.2748935,-0.883097],[131.274915,-0.8832203],[131.2747832,-0.8832433],[131.2747617,-0.8831199]],[[131.2750565,-0.8829961],[131.2751634,-0.882971],[131.2752105,-0.8831714],[131.2751036,-0.8831966],[131.2750565,-0.8829961]],[[131.2751278,-0.8828678],[131.2751935,-0.8828567],[131.2752083,-0.8829438],[131.2751426,-0.882955],[131.2751278,-0.8828678]]]}, "properties": {"osm_id": 7626145, "osm_type": "relations", "operator": null, "operator_type": "government", "staff_count_nurses": null, "health_facility_level": null, "medical_system_western": null, "name": "RS TNI AL", "toilets_disposal": null, "health_facility_type": null, "isced_level": null, "opening_hours": null, "military": null, "toilets_handwashing": null, "building": null, "status": null, "access": null, "landuse": null, "denomination": null, "health_facility_bed": null, "capacity": null, "staff_count_doctors": null, "religion": null, "amenity": "hospital"}},{"type": "Feature", "geometry": {"type":"Polygon","coordinates":[[[131.3316074,-0.9315874],[131.3316825,-0.9322391],[131.3331443,-0.9321506],[131.3330906,-0.9314882],[131.3316074,-0.9315874]],[[131.3317227,-0.9319575],[131.3322001,-0.9319468],[131.332204,-0.9321182],[131.3317265,-0.932129],[131.3317227,-0.9319575]],[[131.3324925,-0.9317483],[131.3328868,-0.9317242],[131.3329079,-0.9320695],[131.3325136,-0.9320937],[131.3324925,-0.9317483]]]}, "properties": {"osm_id": 7628805, "osm_type": "relations", "operator": null, "operator_type": null, "staff_count_nurses": null, "health_facility_level": null, "medical_system_western": null, "name": "STAIN Sorong", "toilets_disposal": null, "health_facility_type": null, "isced_level": null, "opening_hours": null, "military": null, "toilets_handwashing": null, "building": null, "status": null, "access": null, "landuse": null, "denomination": null, "health_facility_bed": null, "capacity": null, "staff_count_doctors": null, "religion": null, "amenity": "university"}},{"type": "Feature", "geometry": {"type":"Polygon","coordinates":[[[131.3178163,-0.8964049],[131.3179518,-0.8965897],[131.3181053,-0.8967991],[131.3183843,-0.8965946],[131.3180953,-0.8962004],[131.3178163,-0.8964049]],[[131.3178494,-0.8963926],[131.3180143,-0.8962786],[131.3180644,-0.896351],[131.3178994,-0.896465],[131.3178494,-0.8963926]],[[131.3180519,-0.8966849],[131.3182155,-0.8965655],[131.3182712,-0.8966418],[131.3181076,-0.8967612],[131.3180519,-0.8966849]],[[131.3180546,-0.8963711],[131.3181451,-0.8963102],[131.3182785,-0.8965087],[131.318188,-0.8965696],[131.3180546,-0.8963711]]]}, "properties": {"osm_id": 7628747, "osm_type": "relations", "operator": null, "operator_type": null, "staff_count_nurses": null, "health_facility_level": null, "medical_system_western": null, "name": "SD SMP YPK Klasaman 2", "toilets_disposal": null, "health_facility_type": null, "isced_level": null, "opening_hours": null, "military": null, "toilets_handwashing": null, "building": null, "status": null, "access": null, "landuse": null, "denomination": null, "health_facility_bed": null, "capacity": null, "staff_count_doctors": null, "religion": null, "amenity": "school"}},{"type": "Feature", "geometry": {"type":"Polygon","coordinates":[[[131.3170056,-0.8943487],[131.3174779,-0.8950817],[131.3177835,-0.8948848],[131.3173112,-0.8941518],[131.3170056,-0.8943487]],[[131.3170746,-0.8943439],[131.3171021,-0.8943242],[131.3171185,-0.8943471],[131.317091,-0.8943668],[131.3170746,-0.8943439]],[[131.317099,-0.8944569],[131.3171482,-0.8944254],[131.3171864,-0.8944851],[131.3171373,-0.8945166],[131.317099,-0.8944569]],[[131.3171306,-0.8943758],[131.3172278,-0.8943148],[131.3172721,-0.8943854],[131.3171749,-0.8944464],[131.3171306,-0.8943758]],[[131.3171419,-0.8945273],[131.3172647,-0.8944401],[131.3172963,-0.8944847],[131.3171736,-0.8945718],[131.3171419,-0.8945273]],[[131.3171881,-0.8945672],[131.3173277,-0.894471],[131.3175108,-0.8947365],[131.3173711,-0.8948327],[131.3171881,-0.8945672]],[[131.3173036,-0.8943924],[131.3173879,-0.8943377],[131.3175396,-0.8945715],[131.3174554,-0.8946262],[131.3173036,-0.8943924]],[[131.3173867,-0.8949165],[131.3174538,-0.8948763],[131.3174773,-0.8949156],[131.3174103,-0.8949558],[131.3173867,-0.8949165]],[[131.3174269,-0.8949557],[131.3175087,-0.8949115],[131.3175437,-0.8949761],[131.3174619,-0.8950203],[131.3174269,-0.8949557]],[[131.3174719,-0.8946373],[131.3175523,-0.8945809],[131.3176139,-0.8946689],[131.3175334,-0.8947252],[131.3174719,-0.8946373]],[[131.3175161,-0.89489],[131.3175899,-0.8948451],[131.317629,-0.8949093],[131.3175552,-0.8949542],[131.3175161,-0.89489]],[[131.3175289,-0.89477],[131.3176066,-0.8947077],[131.3176622,-0.894777],[131.3175845,-0.8948394],[131.3175289,-0.89477]]]}, "properties": {"osm_id": 7628748, "osm_type": "relations", "operator": null, "operator_type": null, "staff_count_nurses": null, "health_facility_level": null, "medical_system_western": null, "name": "Politeknik Kesehatan", "toilets_disposal": null, "health_facility_type": null, "isced_level": null, "opening_hours": null, "military": null, "toilets_handwashing": null, "building": null, "status": null, "access": null, "landuse": null, "denomination": null, "health_facility_bed": null, "capacity": null, "staff_count_doctors": null, "religion": null, "amenity": "university"}},{"type": "Feature", "geometry": {"type":"Polygon","coordinates":[[[131.3002719,-0.8860365],[131.3004476,-0.8864445],[131.3003511,-0.8864861],[131.3005485,-0.8869442],[131.3013969,-0.8865787],[131.3012692,-0.8862822],[131.3011758,-0.8863224],[131.3009304,-0.8857528],[131.3002719,-0.8860365]],[[131.3003433,-0.8861182],[131.300437,-0.8860747],[131.3005765,-0.8863751],[131.3004827,-0.8864186],[131.3003433,-0.8861182]],[[131.3004935,-0.8865876],[131.3005986,-0.8865391],[131.3007247,-0.8868127],[131.3006195,-0.8868611],[131.3004935,-0.8865876]],[[131.3007966,-0.8858367],[131.3009147,-0.8857844],[131.3010381,-0.8860633],[131.3009199,-0.8861156],[131.3007966,-0.8858367]],[[131.3009025,-0.8861692],[131.3010019,-0.8861267],[131.301065,-0.8862742],[131.3009655,-0.8863167],[131.3009025,-0.8861692]],[[131.3009682,-0.8863408],[131.3010762,-0.8862898],[131.3012157,-0.8865848],[131.3011077,-0.8866359],[131.3009682,-0.8863408]],[[131.3012203,-0.8864186],[131.3012619,-0.8864089],[131.3012941,-0.8865456],[131.3012525,-0.8865554],[131.3012203,-0.8864186]]]}, "properties": {"osm_id": 7628653, "osm_type": "relations", "operator": null, "operator_type": null, "staff_count_nurses": null, "health_facility_level": null, "medical_system_western": null, "name": "STIE Bukit Zaitun", "toilets_disposal": null, "health_facility_type": null, "isced_level": null, "opening_hours": null, "military": null, "toilets_handwashing": null, "building": null, "status": null, "access": null, "landuse": null, "denomination": null, "health_facility_bed": null, "capacity": null, "staff_count_doctors": null, "religion": null, "amenity": "college"}},{"type": "Feature", "geometry": {"type":"Polygon","coordinates":[[[131.3280547,-0.9040054],[131.3281934,-0.9042247],[131.3287395,-0.9038792],[131.3285237,-0.9035381],[131.3282672,-0.9037004],[131.3283442,-0.9038222],[131.3280547,-0.9040054]],[[131.3280948,-0.9040188],[131.3281639,-0.9039669],[131.3282121,-0.9040313],[131.328143,-0.9040831],[131.3280948,-0.9040188]],[[131.3281279,-0.9041076],[131.3281831,-0.904069],[131.3282294,-0.904135],[131.3281742,-0.9041736],[131.3281279,-0.9041076]],[[131.3282007,-0.9040533],[131.3284193,-0.9039179],[131.3284636,-0.9039894],[131.328245,-0.9041248],[131.3282007,-0.9040533]],[[131.3282979,-0.9036983],[131.3283866,-0.9036407],[131.3285958,-0.9039625],[131.3285071,-0.9040201],[131.3282979,-0.9036983]],[[131.3284088,-0.9036438],[131.3284984,-0.9035822],[131.3286459,-0.9037967],[131.3285563,-0.9038583],[131.3284088,-0.9036438]]]}, "properties": {"osm_id": 7628637, "osm_type": "relations", "operator": null, "operator_type": null, "staff_count_nurses": null, "health_facility_level": null, "medical_system_western": null, "name": "SD INPRES 25 KLASAMAN", "toilets_disposal": null, "health_facility_type": null, "isced_level": null, "opening_hours": null, "military": null, "toilets_handwashing": null, "building": null, "status": null, "access": null, "landuse": null, "denomination": null, "health_facility_bed": null, "capacity": null, "staff_count_doctors": null, "religion": null, "amenity": "school"}},{"type": "Feature", "geometry": {"type":"Polygon","coordinates":[[[131.3273109,-0.9058279],[131.3273861,-0.9059463],[131.3276311,-0.9057909],[131.3275559,-0.9056724],[131.3273109,-0.9058279]],[[131.3273241,-0.9058304],[131.3274515,-0.9057486],[131.3274947,-0.9058159],[131.3273673,-0.9058977],[131.3273241,-0.9058304]],[[131.3274703,-0.9057419],[131.3275254,-0.9057065],[131.327563,-0.9057648],[131.3275078,-0.9058003],[131.3274703,-0.9057419]]]}, "properties": {"osm_id": 7628636, "osm_type": "relations", "operator": null, "operator_type": null, "staff_count_nurses": null, "health_facility_level": null, "medical_system_western": null, "name": "Puskesmas Klasaman", "toilets_disposal": null, "health_facility_type": null, "isced_level": null, "opening_hours": null, "military": null, "toilets_handwashing": null, "building": null, "status": null, "access": null, "landuse": null, "denomination": null, "health_facility_bed": null, "capacity": null, "staff_count_doctors": null, "religion": null, "amenity": "clinic"}},{"type": "Feature", "geometry": {"type":"Polygon","coordinates":[[[131.3304015,-0.8964681],[131.3305265,-0.8966853],[131.3307975,-0.8965293],[131.3306725,-0.8963122],[131.3304015,-0.8964681]],[[131.3304168,-0.8964664],[131.330498,-0.89642],[131.330606,-0.8966091],[131.3305248,-0.8966555],[131.3304168,-0.8964664]],[[131.3305096,-0.8964215],[131.330663,-0.8963347],[131.330771,-0.8965255],[131.3306177,-0.8966123],[131.3305096,-0.8964215]]]}, "properties": {"osm_id": 7628617, "osm_type": "relations", "operator": null, "operator_type": null, "staff_count_nurses": null, "health_facility_level": null, "medical_system_western": null, "name": "Puskesmas Klasaman", "toilets_disposal": null, "health_facility_type": null, "isced_level": null, "opening_hours": null, "military": null, "toilets_handwashing": null, "building": null, "status": null, "access": null, "landuse": null, "denomination": null, "health_facility_bed": null, "capacity": null, "staff_count_doctors": null, "religion": null, "amenity": "clinic"}},{"type": "Feature", "geometry": {"type":"Polygon","coordinates":[[[131.2893852,-0.8847516],[131.2897558,-0.8849402],[131.2896947,-0.8850602],[131.2899007,-0.885165],[131.2901651,-0.8846457],[131.2899888,-0.884556],[131.2900514,-0.8844332],[131.2901204,-0.8842976],[131.2897201,-0.8840939],[131.2895709,-0.8843868],[131.2893852,-0.8847516]],[[131.2894106,-0.8847317],[131.289443,-0.8846731],[131.2897246,-0.8848286],[131.2896922,-0.8848873],[131.2894106,-0.8847317]],[[131.2896099,-0.884364],[131.2896647,-0.8842657],[131.2898524,-0.8843702],[131.2897976,-0.8844686],[131.2896099,-0.884364]],[[131.2896888,-0.8847737],[131.2898627,-0.8844561],[131.2899686,-0.8845141],[131.2898858,-0.8846653],[131.2899432,-0.8846967],[131.2900038,-0.884586],[131.2901138,-0.8846462],[131.289851,-0.8851261],[131.2897425,-0.8850667],[131.2899114,-0.8847583],[131.2898527,-0.8847262],[131.2897949,-0.8848318],[131.2896888,-0.8847737]],[[131.2898437,-0.884436],[131.2899514,-0.8842355],[131.290052,-0.8842895],[131.2900105,-0.8843668],[131.2900426,-0.884384],[131.2899764,-0.8845072],[131.2899306,-0.8844826],[131.2898437,-0.884436]]]}, "properties": {"osm_id": 7628566, "osm_type": "relations", "operator": null, "operator_type": null, "staff_count_nurses": null, "health_facility_level": null, "medical_system_western": null, "name": "SMA Agustinus", "toilets_disposal": null, "health_facility_type": null, "isced_level": null, "opening_hours": null, "military": null, "toilets_handwashing": null, "building": null, "status": null, "access": null, "landuse": null, "denomination": null, "health_facility_bed": null, "capacity": null, "staff_count_doctors": null, "religion": null, "amenity": "school"}},{"type": "Feature", "geometry": {"type":"Polygon","coordinates":[[[131.293973,-0.8841605],[131.2942292,-0.8859815],[131.2942788,-0.8861048],[131.2943298,-0.8863194],[131.2948311,-0.8862356],[131.2953705,-0.886137],[131.2952487,-0.8854115],[131.2949842,-0.8839593],[131.293973,-0.8841605]],[[131.2940553,-0.8844622],[131.2943155,-0.8844207],[131.2943311,-0.8845185],[131.2940709,-0.8845601],[131.2940553,-0.8844622]],[[131.2941031,-0.8846714],[131.2942103,-0.8846507],[131.2942533,-0.8848733],[131.294146,-0.884894],[131.2941031,-0.8846714]],[[131.2941487,-0.8849396],[131.2943231,-0.884898],[131.2943484,-0.8850041],[131.294174,-0.8850457],[131.2941487,-0.8849396]],[[131.2941769,-0.885067],[131.294276,-0.8850494],[131.2943538,-0.8854892],[131.2942547,-0.8855068],[131.2941769,-0.885067]],[[131.294225,-0.8856734],[131.2943259,-0.8856566],[131.2943405,-0.8857428],[131.2943594,-0.8858577],[131.2942585,-0.8858746],[131.294225,-0.8856734]],[[131.294254,-0.8858995],[131.2944484,-0.8858646],[131.2944672,-0.8859696],[131.2942728,-0.8860045],[131.294254,-0.8858995]],[[131.2942566,-0.8855388],[131.2944511,-0.8855039],[131.2944699,-0.8856089],[131.2942755,-0.8856437],[131.2942566,-0.8855388]],[[131.2943096,-0.8842919],[131.2944221,-0.8842725],[131.2944423,-0.8843892],[131.2943298,-0.8844085],[131.2943096,-0.8842919]],[[131.2943432,-0.8844608],[131.2944536,-0.8844411],[131.2945354,-0.8848983],[131.294425,-0.8849181],[131.2943432,-0.8844608]],[[131.294366,-0.8851702],[131.2944974,-0.8851487],[131.2945146,-0.8852538],[131.2943831,-0.8852753],[131.294366,-0.8851702]],[[131.2943765,-0.8860355],[131.2944774,-0.8860187],[131.294511,-0.8862198],[131.2944101,-0.8862366],[131.2943765,-0.8860355]],[[131.2944582,-0.8857636],[131.2945591,-0.8857468],[131.2945926,-0.885948],[131.2944917,-0.8859648],[131.2944582,-0.8857636]],[[131.2944704,-0.8854736],[131.2945713,-0.8854568],[131.2946049,-0.8856579],[131.2945039,-0.8856748],[131.2944704,-0.8854736]],[[131.2945222,-0.8861006],[131.2947166,-0.8860658],[131.2947355,-0.8861707],[131.294541,-0.8862056],[131.2945222,-0.8861006]],[[131.2945264,-0.8851269],[131.2946194,-0.8851099],[131.2946463,-0.885256],[131.2945532,-0.8852731],[131.2945264,-0.8851269]],[[131.2945386,-0.8849858],[131.2947934,-0.8849442],[131.2948126,-0.8850616],[131.2945577,-0.8851032],[131.2945386,-0.8849858]],[[131.2945645,-0.884497],[131.2946722,-0.8844816],[131.2947017,-0.8846867],[131.294594,-0.8847022],[131.2945645,-0.884497]],[[131.294587,-0.8852826],[131.2948498,-0.885237],[131.2948675,-0.8853392],[131.2946047,-0.8853848],[131.294587,-0.8852826]],[[131.2946074,-0.8847357],[131.294713,-0.8847188],[131.2947452,-0.88492],[131.2946396,-0.8849369],[131.2946074,-0.8847357]],[[131.2946758,-0.8854263],[131.2948327,-0.8853982],[131.2948481,-0.885484],[131.2948168,-0.8854896],[131.2948259,-0.8855534],[131.2948555,-0.8855483],[131.2948695,-0.8856296],[131.2947139,-0.8856564],[131.2946999,-0.8855752],[131.294756,-0.8855655],[131.2947469,-0.8855022],[131.2946912,-0.8855122],[131.2946758,-0.8854263]],[[131.2946905,-0.8851005],[131.294756,-0.8850886],[131.2947603,-0.8851121],[131.2948059,-0.8851032],[131.2948086,-0.8851172],[131.294838,-0.8851112],[131.2948528,-0.8851836],[131.2948229,-0.8851897],[131.2948246,-0.8851984],[131.2947776,-0.8852076],[131.2947815,-0.8852294],[131.294716,-0.8852413],[131.2946905,-0.8851005]],[[131.294736,-0.8859698],[131.2948369,-0.885953],[131.2948704,-0.8861541],[131.2947695,-0.8861709],[131.294736,-0.8859698]],[[131.2947522,-0.8858058],[131.2949467,-0.8857709],[131.2949655,-0.8858759],[131.294771,-0.8859108],[131.2947522,-0.8858058]],[[131.2947929,-0.8845361],[131.2948997,-0.8845198],[131.2949359,-0.8847572],[131.2948291,-0.8847735],[131.2947929,-0.8845361]],[[131.2949212,-0.885897],[131.2950384,-0.8858757],[131.2950867,-0.8861412],[131.2949695,-0.8861625],[131.2949212,-0.885897]],[[131.294948,-0.8855551],[131.29505,-0.885538],[131.2951036,-0.8858585],[131.2950017,-0.8858755],[131.294948,-0.8855551]]]}, "properties": {"osm_id": 7628567, "osm_type": "relations", "operator": null, "operator_type": null, "staff_count_nurses": null, "health_facility_level": null, "medical_system_western": null, "name": "SMK N 1 Sorong", "toilets_disposal": null, "health_facility_type": null, "isced_level": null, "opening_hours": null, "military": null, "toilets_handwashing": null, "building": null, "status": null, "access": null, "landuse": null, "denomination": null, "health_facility_bed": null, "capacity": null, "staff_count_doctors": null, "religion": null, "amenity": "school"}},{"type": "Feature", "geometry": {"type":"Polygon","coordinates":[[[131.2789422,-0.8865404],[131.2791058,-0.8868321],[131.2793345,-0.8867255],[131.2792869,-0.8866477],[131.2792949,-0.8866437],[131.2794183,-0.8865779],[131.2792969,-0.886358],[131.2789422,-0.8865404]],[[131.2789565,-0.8865464],[131.2792907,-0.8863692],[131.2794022,-0.8865794],[131.2793066,-0.8866301],[131.2792458,-0.8865155],[131.2790072,-0.886642],[131.2789565,-0.8865464]],[[131.2790734,-0.8866506],[131.2791459,-0.886611],[131.2792183,-0.8867438],[131.2791458,-0.8867834],[131.2790734,-0.8866506]]]}, "properties": {"osm_id": 7626223, "osm_type": "relations", "operator": null, "operator_type": null, "staff_count_nurses": null, "health_facility_level": null, "medical_system_western": null, "name": "SD N 26 Kota Sorong", "toilets_disposal": null, "health_facility_type": null, "isced_level": null, "opening_hours": null, "military": null, "toilets_handwashing": null, "building": null, "status": null, "access": null, "landuse": null, "denomination": null, "health_facility_bed": null, "capacity": null, "staff_count_doctors": null, "religion": null, "amenity": "school"}},{"type": "Feature", "geometry": {"type":"Polygon","coordinates":[[[131.2704363,-0.8837874],[131.2704591,-0.8843305],[131.2706428,-0.8843345],[131.2707675,-0.8844794],[131.2709405,-0.8844458],[131.2709714,-0.8845518],[131.2713643,-0.8843077],[131.2716741,-0.884171],[131.2716178,-0.8835689],[131.2704363,-0.8837874]],[[131.2704863,-0.8838078],[131.2706381,-0.8837833],[131.2706582,-0.883908],[131.2705064,-0.8839325],[131.2704863,-0.8838078]],[[131.270523,-0.8841684],[131.2705887,-0.8840665],[131.2707075,-0.884143],[131.2706418,-0.884245],[131.270523,-0.8841684]],[[131.2706619,-0.883785],[131.2708205,-0.8837495],[131.2708407,-0.8838393],[131.2706821,-0.8838749],[131.2706619,-0.883785]],[[131.2706995,-0.8840398],[131.2708001,-0.8839298],[131.2708808,-0.8840037],[131.2707802,-0.8841136],[131.2706995,-0.8840398]],[[131.2707491,-0.8843375],[131.2708068,-0.8842543],[131.2709406,-0.8843472],[131.270883,-0.8844303],[131.2707491,-0.8843375]],[[131.270835,-0.8837501],[131.2711567,-0.8836766],[131.2712506,-0.8836552],[131.271272,-0.883749],[131.2711782,-0.8837705],[131.2708564,-0.883844],[131.270835,-0.8837501]],[[131.2708604,-0.8840612],[131.2709428,-0.8840285],[131.2710152,-0.8842109],[131.2709329,-0.8842436],[131.2708604,-0.8840612]],[[131.271007,-0.8842694],[131.2711139,-0.8842369],[131.2711461,-0.8843428],[131.2710392,-0.8843753],[131.271007,-0.8842694]],[[131.2711595,-0.8842364],[131.2713915,-0.8841792],[131.2714143,-0.8842718],[131.2711823,-0.8843289],[131.2711595,-0.8842364]],[[131.2713405,-0.8836536],[131.2714549,-0.8836379],[131.271479,-0.8838136],[131.2713647,-0.8838293],[131.2713405,-0.8836536]],[[131.2713538,-0.8838576],[131.2714988,-0.8838279],[131.2715203,-0.8839325],[131.2713753,-0.8839622],[131.2713538,-0.8838576]],[[131.2714519,-0.8841229],[131.2715862,-0.8840794],[131.2716171,-0.8841746],[131.2714827,-0.8842181],[131.2714519,-0.8841229]],[[131.2714854,-0.883608],[131.2715904,-0.883592],[131.2716225,-0.8838025],[131.2716433,-0.8839384],[131.2716605,-0.8840505],[131.2715555,-0.8840665],[131.2715383,-0.8839544],[131.2715176,-0.8838185],[131.2714854,-0.883608]]]}, "properties": {"osm_id": 7626148, "osm_type": "relations", "operator": null, "operator_type": "private", "staff_count_nurses": null, "health_facility_level": null, "medical_system_western": null, "name": "SMP YPK Syialom", "toilets_disposal": null, "health_facility_type": null, "isced_level": null, "opening_hours": null, "military": null, "toilets_handwashing": null, "building": null, "status": null, "access": null, "landuse": null, "denomination": null, "health_facility_bed": null, "capacity": null, "staff_count_doctors": null, "religion": null, "amenity": "school"}},{"type": "Feature", "geometry": {"type":"Polygon","coordinates":[[[131.2685885,-0.8847696],[131.2688073,-0.8848467],[131.2689313,-0.8844949],[131.2687125,-0.8844178],[131.2685885,-0.8847696]],[[131.2686087,-0.8847585],[131.2686288,-0.8847062],[131.2688132,-0.8847772],[131.2687931,-0.8848295],[131.2686087,-0.8847585]],[[131.2686342,-0.8846794],[131.2686852,-0.8845158],[131.2687779,-0.8845447],[131.2687269,-0.8847083],[131.2686342,-0.8846794]],[[131.2686972,-0.8844863],[131.2687147,-0.884438],[131.2689077,-0.8845077],[131.2688903,-0.884556],[131.2686972,-0.8844863]],[[131.2687469,-0.8846968],[131.2687938,-0.8845762],[131.2688665,-0.8846044],[131.2688195,-0.8847251],[131.2687469,-0.8846968]]]}, "properties": {"osm_id": 7626166, "osm_type": "relations", "operator": null, "operator_type": "government", "staff_count_nurses": null, "health_facility_level": null, "medical_system_western": null, "name": "TK SD SMP SMA Gupi", "toilets_disposal": null, "health_facility_type": null, "isced_level": null, "opening_hours": null, "military": null, "toilets_handwashing": null, "building": null, "status": null, "access": null, "landuse": null, "denomination": null, "health_facility_bed": null, "capacity": null, "staff_count_doctors": null, "religion": null, "amenity": "school"}},{"type": "Feature", "geometry": {"type":"Polygon","coordinates":[[[131.3048958,-0.8753696],[131.3053277,-0.8760535],[131.3053451,-0.8760803],[131.3054041,-0.8760495],[131.3055181,-0.8762198],[131.3058977,-0.8763673],[131.3060009,-0.8760414],[131.3057944,-0.8759744],[131.3055248,-0.8755815],[131.3056643,-0.8754876],[131.3053746,-0.8750545],[131.3048958,-0.8753696]],[[131.3049446,-0.875392],[131.30503,-0.8753401],[131.3052258,-0.8756619],[131.3051404,-0.8757139],[131.3049446,-0.875392]],[[131.3051511,-0.8757366],[131.3052396,-0.8756755],[131.3054462,-0.8759746],[131.3053577,-0.8760357],[131.3051511,-0.8757366]],[[131.305192,-0.8755014],[131.3053037,-0.8754298],[131.3052099,-0.8752837],[131.3052739,-0.8752427],[131.3053701,-0.8753926],[131.3054949,-0.8753125],[131.3055807,-0.8754463],[131.3052803,-0.875639],[131.305192,-0.8755014]],[[131.3054113,-0.8760303],[131.3055015,-0.8759595],[131.3055994,-0.8760842],[131.3055092,-0.876155],[131.3054113,-0.8760303]],[[131.3055843,-0.876202],[131.305615,-0.8761243],[131.3059208,-0.8762449],[131.3058901,-0.8763226],[131.3055843,-0.876202]],[[131.3058383,-0.8761766],[131.3058812,-0.8760639],[131.3059585,-0.8760933],[131.3059156,-0.876206],[131.3058383,-0.8761766]]]}, "properties": {"osm_id": 7625998, "osm_type": "relations", "operator": null, "operator_type": "private", "staff_count_nurses": null, "health_facility_level": null, "medical_system_western": null, "name": "Universitas Kristen Papua", "toilets_disposal": null, "health_facility_type": null, "isced_level": null, "opening_hours": null, "military": null, "toilets_handwashing": null, "building": null, "status": null, "access": null, "landuse": null, "denomination": null, "health_facility_bed": null, "capacity": null, "staff_count_doctors": null, "religion": null, "amenity": "university"}},{"type": "Feature", "geometry": {"type":"Polygon","coordinates":[[[131.3084144,-0.8737338],[131.3086506,-0.8739878],[131.3087517,-0.8738938],[131.3085155,-0.8736398],[131.3084144,-0.8737338]],[[131.3084455,-0.873734],[131.308522,-0.8736642],[131.3085619,-0.873708],[131.3084855,-0.8737777],[131.3084455,-0.873734]],[[131.3085005,-0.8737955],[131.3085698,-0.8737293],[131.3087132,-0.8738795],[131.3086439,-0.8739456],[131.3085005,-0.8737955]]]}, "properties": {"osm_id": 7625997, "osm_type": "relations", "operator": null, "operator_type": "government", "staff_count_nurses": null, "health_facility_level": null, "medical_system_western": null, "name": "Puskesmas Malanu", "toilets_disposal": null, "health_facility_type": null, "isced_level": null, "opening_hours": null, "military": null, "toilets_handwashing": null, "building": "no", "status": null, "access": null, "landuse": null, "denomination": null, "health_facility_bed": null, "capacity": null, "staff_count_doctors": null, "religion": null, "amenity": "clinic"}},{"type": "Feature", "geometry": {"type":"Polygon","coordinates":[[[131.3050474,-0.877082],[131.3052124,-0.8773676],[131.3057179,-0.8770847],[131.3055409,-0.8768071],[131.3050474,-0.877082]],[[131.3051149,-0.8771339],[131.305356,-0.8769732],[131.3054097,-0.8770537],[131.3051686,-0.8772144],[131.3051149,-0.8771339]],[[131.3051847,-0.8772412],[131.3052573,-0.8771953],[131.3052895,-0.8772463],[131.3052168,-0.8772921],[131.3051847,-0.8772412]],[[131.3053805,-0.8769542],[131.3054405,-0.876918],[131.3054835,-0.876989],[131.3054234,-0.8770253],[131.3053805,-0.8769542]],[[131.3054502,-0.8768751],[131.3055332,-0.876821],[131.3056137,-0.8769444],[131.3056901,-0.8770615],[131.3056071,-0.8771156],[131.3055307,-0.8769985],[131.3054502,-0.8768751]]]}, "properties": {"osm_id": 7625999, "osm_type": "relations", "operator": null, "operator_type": "private", "staff_count_nurses": null, "health_facility_level": null, "medical_system_western": null, "name": "SD YPK ELIM", "toilets_disposal": null, "health_facility_type": null, "isced_level": null, "opening_hours": null, "military": null, "toilets_handwashing": null, "building": null, "status": null, "access": null, "landuse": null, "denomination": null, "health_facility_bed": null, "capacity": null, "staff_count_doctors": null, "religion": null, "amenity": "school"}},{"type": "Feature", "geometry": {"type":"Polygon","coordinates":[[[131.2509343,-0.8659316],[131.2510845,-0.8660201],[131.2511985,-0.8659584],[131.2512588,-0.8659108],[131.2513118,-0.8659615],[131.2513916,-0.8659377],[131.2514194,-0.8659216],[131.2514882,-0.8657117],[131.2513983,-0.8655267],[131.2509517,-0.8654985],[131.2509343,-0.8659316]],[[131.2509646,-0.865862],[131.2509927,-0.8656407],[131.2510765,-0.8656514],[131.2510483,-0.8658726],[131.2509646,-0.865862]],[[131.2509705,-0.8655897],[131.2509799,-0.8655173],[131.2510196,-0.8655224],[131.2510102,-0.8655948],[131.2509705,-0.8655897]],[[131.2509786,-0.8658901],[131.2510485,-0.8658859],[131.2510525,-0.8659543],[131.2509826,-0.8659584],[131.2509786,-0.8658901]],[[131.2510443,-0.8656098],[131.251047,-0.8655226],[131.251281,-0.8655298],[131.2512784,-0.865617],[131.2510443,-0.8656098]],[[131.2510765,-0.8659517],[131.2511569,-0.8658994],[131.2511876,-0.8659466],[131.2511071,-0.8659989],[131.2510765,-0.8659517]],[[131.2513219,-0.8656755],[131.2513286,-0.8655816],[131.2513878,-0.8655859],[131.2513811,-0.8656797],[131.2513219,-0.8656755]],[[131.2513232,-0.8659169],[131.2513554,-0.865713],[131.2514357,-0.8657257],[131.2514035,-0.8659296],[131.2513232,-0.8659169]]]}, "properties": {"osm_id": 7625803, "osm_type": "relations", "operator": null, "operator_type": null, "staff_count_nurses": null, "health_facility_level": null, "medical_system_western": null, "name": "SD YPK 2 Immanuel", "toilets_disposal": null, "health_facility_type": null, "isced_level": null, "opening_hours": null, "military": null, "toilets_handwashing": null, "building": null, "status": null, "access": null, "landuse": null, "denomination": null, "health_facility_bed": null, "capacity": null, "staff_count_doctors": null, "religion": null, "amenity": "school"}},{"type": "Feature", "geometry": {"type":"Polygon","coordinates":[[[131.3160367,-0.8928864],[131.3166446,-0.8937932],[131.3169173,-0.8942],[131.3174623,-0.8938348],[131.3165817,-0.8925211],[131.3160367,-0.8928864]],[[131.316084,-0.892955],[131.316171,-0.8928934],[131.3162313,-0.8929785],[131.3161444,-0.8930401],[131.316084,-0.892955]],[[131.3161864,-0.8928987],[131.3164754,-0.8927076],[131.3165295,-0.8927894],[131.3162405,-0.8929805],[131.3161864,-0.8928987]],[[131.3162249,-0.8929986],[131.3163024,-0.8929443],[131.3164312,-0.893128],[131.3163537,-0.8931823],[131.3162249,-0.8929986]],[[131.3163507,-0.8932165],[131.3164634,-0.8931408],[131.3165316,-0.8932422],[131.3164189,-0.8933179],[131.3163507,-0.8932165]],[[131.3163782,-0.8933493],[131.3164777,-0.8932856],[131.3165589,-0.8934123],[131.3164593,-0.893476],[131.3163782,-0.8933493]],[[131.3164821,-0.8931307],[131.3166042,-0.8930549],[131.3166745,-0.8931682],[131.3165525,-0.893244],[131.3164821,-0.8931307]],[[131.3164962,-0.8932936],[131.3166578,-0.8931857],[131.3167258,-0.8932874],[131.3165642,-0.8933953],[131.3164962,-0.8932936]],[[131.3166115,-0.8936926],[131.3167168,-0.8936262],[131.3167901,-0.8937424],[131.3166849,-0.8938088],[131.3166115,-0.8936926]],[[131.3166504,-0.8934948],[131.3167047,-0.8934599],[131.3167455,-0.8935235],[131.3166912,-0.8935583],[131.3166504,-0.8934948]],[[131.3167074,-0.8938092],[131.3168208,-0.8937388],[131.3168622,-0.8938056],[131.3167489,-0.893876],[131.3167074,-0.8938092]],[[131.3167262,-0.893472],[131.3168161,-0.8934172],[131.3168832,-0.8935271],[131.3167933,-0.8935819],[131.3167262,-0.893472]],[[131.3167771,-0.8939252],[131.3172103,-0.8936369],[131.3172664,-0.8937211],[131.3168332,-0.8940094],[131.3167771,-0.8939252]],[[131.316808,-0.8933332],[131.3169478,-0.893242],[131.3169864,-0.8933011],[131.3168466,-0.8933923],[131.316808,-0.8933332]],[[131.3168214,-0.8934123],[131.3169836,-0.8933061],[131.3170473,-0.8934033],[131.3168851,-0.8935095],[131.3168214,-0.8934123]],[[131.3168349,-0.8940672],[131.316903,-0.8940193],[131.316986,-0.8941372],[131.3169178,-0.8941852],[131.3168349,-0.8940672]],[[131.3169636,-0.8940248],[131.3170024,-0.8940012],[131.3170383,-0.8940602],[131.3169995,-0.8940838],[131.3169636,-0.8940248]],[[131.3170119,-0.8939782],[131.3171319,-0.8939004],[131.3171833,-0.8939797],[131.3170632,-0.8940574],[131.3170119,-0.8939782]],[[131.3171466,-0.8939011],[131.3171985,-0.8938704],[131.3172306,-0.8939247],[131.3171788,-0.8939554],[131.3171466,-0.8939011]],[[131.3171765,-0.8938075],[131.317284,-0.8937295],[131.3173501,-0.8938206],[131.3172426,-0.8938986],[131.3171765,-0.8938075]]]}, "properties": {"osm_id": 7628750, "osm_type": "relations", "operator": null, "operator_type": null, "staff_count_nurses": null, "health_facility_level": null, "medical_system_western": null, "name": "Batalion Yonif 752 TNI AD", "toilets_disposal": null, "health_facility_type": null, "isced_level": null, "opening_hours": null, "military": "range", "toilets_handwashing": null, "building": null, "status": null, "access": null, "landuse": "military", "denomination": null, "health_facility_bed": null, "capacity": null, "staff_count_doctors": null, "religion": null, "amenity": null}},{"type": "Feature", "geometry": {"type":"Polygon","coordinates":[[[131.2703276,-0.8856172],[131.2708024,-0.8857968],[131.2709378,-0.8856212],[131.2707514,-0.8854764],[131.2704443,-0.8853879],[131.2703276,-0.8856172]],[[131.2703522,-0.8855953],[131.2703884,-0.8855188],[131.2704546,-0.8855502],[131.2704184,-0.8856267],[131.2703522,-0.8855953]],[[131.2704405,-0.8855163],[131.2704727,-0.8854077],[131.2706351,-0.8854558],[131.2706029,-0.8855644],[131.2704405,-0.8855163]],[[131.2706708,-0.8856398],[131.2707732,-0.8855097],[131.2709081,-0.8856158],[131.2708057,-0.8857459],[131.2706708,-0.8856398]]]}, "properties": {"osm_id": 7626164, "osm_type": "relations", "operator": null, "operator_type": "government", "staff_count_nurses": null, "health_facility_level": null, "medical_system_western": null, "name": "SMP SMA Siloam", "toilets_disposal": null, "health_facility_type": null, "isced_level": null, "opening_hours": null, "military": null, "toilets_handwashing": null, "building": null, "status": null, "access": null, "landuse": null, "denomination": null, "health_facility_bed": null, "capacity": null, "staff_count_doctors": null, "religion": null, "amenity": "school"}},{"type": "Feature", "geometry": {"type":"Polygon","coordinates":[[[131.2598629,-0.8783143],[131.260207,-0.8784934],[131.2604007,-0.8781214],[131.2601833,-0.8780081],[131.260285,-0.8778128],[131.2601584,-0.8777469],[131.2598629,-0.8783143]],[[131.2598982,-0.8782844],[131.2599841,-0.8781276],[131.2601949,-0.8782429],[131.260109,-0.8783997],[131.2599968,-0.8783574],[131.2598982,-0.8782844]],[[131.2600096,-0.8780659],[131.2600793,-0.8779411],[131.2601783,-0.8779926],[131.2601139,-0.8781186],[131.2600096,-0.8780659]],[[131.2601289,-0.8781651],[131.2601839,-0.8780444],[131.2602362,-0.878054],[131.2602748,-0.8780858],[131.2602198,-0.8782065],[131.2601289,-0.8781651]],[[131.2601316,-0.8784226],[131.2602966,-0.8780954],[131.2603678,-0.8781313],[131.2602954,-0.8782972],[131.2602028,-0.8784585],[131.2601316,-0.8784226]]]}, "properties": {"osm_id": 7625769, "osm_type": "relations", "operator": null, "operator_type": null, "staff_count_nurses": null, "health_facility_level": null, "medical_system_western": null, "name": null, "toilets_disposal": null, "health_facility_type": null, "isced_level": null, "opening_hours": null, "military": null, "toilets_handwashing": null, "building": null, "status": null, "access": null, "landuse": null, "denomination": null, "health_facility_bed": null, "capacity": null, "staff_count_doctors": null, "religion": null, "amenity": "hospital"}},{"type": "Feature", "geometry": {"type":"Polygon","coordinates":[[[131.2178293,-0.8399882],[131.2182502,-0.8403303],[131.2185491,-0.8399626],[131.2181282,-0.8396205],[131.2178293,-0.8399882]],[[131.2179282,-0.8398938],[131.2179749,-0.8398275],[131.2182761,-0.8400396],[131.2182294,-0.8401059],[131.2179282,-0.8398938]],[[131.2179741,-0.8400534],[131.2180117,-0.8400078],[131.2180692,-0.8400552],[131.2180316,-0.8401008],[131.2179741,-0.8400534]],[[131.2180695,-0.8397534],[131.2181333,-0.8396615],[131.2184194,-0.8398604],[131.2183743,-0.8399253],[131.2183556,-0.8399522],[131.2180695,-0.8397534]],[[131.2181833,-0.8402161],[131.2182475,-0.8401334],[131.2183079,-0.8401803],[131.2182437,-0.8402629],[131.2181833,-0.8402161]],[[131.218255,-0.8401218],[131.2183958,-0.8399251],[131.2184753,-0.8399819],[131.2183345,-0.8401787],[131.218255,-0.8401218]]]}, "properties": {"osm_id": 7628758, "osm_type": "relations", "operator": null, "operator_type": null, "staff_count_nurses": null, "health_facility_level": null, "medical_system_western": null, "name": "SDN 5 RAAM", "toilets_disposal": null, "health_facility_type": null, "isced_level": null, "opening_hours": null, "military": null, "toilets_handwashing": null, "building": null, "status": null, "access": null, "landuse": null, "denomination": null, "health_facility_bed": null, "capacity": null, "staff_count_doctors": null, "religion": null, "amenity": "school"}},{"type": "Feature", "geometry": {"type":"Polygon","coordinates":[[[131.2511516,-0.8660121],[131.2514322,-0.8663805],[131.251623,-0.8662337],[131.2515646,-0.8661395],[131.2516853,-0.8660362],[131.2515646,-0.8658364],[131.2513058,-0.8660054],[131.2512508,-0.8659343],[131.2511516,-0.8660121]],[[131.2511851,-0.8660121],[131.2512508,-0.8659651],[131.2514911,-0.8663015],[131.2514254,-0.8663485],[131.2511851,-0.8660121]],[[131.2513795,-0.8659866],[131.2515432,-0.8658646],[131.2516665,-0.8660258],[131.2516209,-0.8660607],[131.2515545,-0.8659739],[131.251436,-0.8660623],[131.2513795,-0.8659866]],[[131.251489,-0.8662152],[131.2515552,-0.8661609],[131.2516102,-0.866228],[131.251544,-0.8662823],[131.251489,-0.8662152]]]}, "properties": {"osm_id": 7625804, "osm_type": "relations", "operator": null, "operator_type": null, "staff_count_nurses": null, "health_facility_level": null, "medical_system_western": null, "name": "SDN 19 Klasuur", "toilets_disposal": null, "health_facility_type": null, "isced_level": null, "opening_hours": null, "military": null, "toilets_handwashing": null, "building": null, "status": null, "access": null, "landuse": null, "denomination": null, "health_facility_bed": null, "capacity": null, "staff_count_doctors": null, "religion": null, "amenity": "school"}},{"type": "Feature", "geometry": {"type":"Polygon","coordinates":[[[131.2514707,-0.8664693],[131.2518395,-0.8665243],[131.2521413,-0.8664693],[131.2520944,-0.8662695],[131.2518463,-0.8659893],[131.2515981,-0.8661529],[131.2516357,-0.8662387],[131.2515311,-0.8663218],[131.2514707,-0.8664693]],[[131.2515538,-0.8664622],[131.2515619,-0.8663674],[131.251857,-0.8663929],[131.2518488,-0.8664877],[131.2515538,-0.8664622]],[[131.2516233,-0.866194],[131.2517551,-0.8660791],[131.2518007,-0.8661314],[131.2516689,-0.8662463],[131.2516233,-0.866194]],[[131.2517815,-0.8660788],[131.2518489,-0.8660188],[131.251979,-0.8661649],[131.2519115,-0.866225],[131.2517815,-0.8660788]],[[131.2518717,-0.8663473],[131.2520984,-0.8663352],[131.2521032,-0.8664251],[131.2518765,-0.8664372],[131.2518717,-0.8663473]],[[131.2519434,-0.8662439],[131.2520058,-0.8661864],[131.2520675,-0.8662535],[131.252005,-0.8663109],[131.2519434,-0.8662439]]]}, "properties": {"osm_id": 7625805, "osm_type": "relations", "operator": null, "operator_type": null, "staff_count_nurses": null, "health_facility_level": null, "medical_system_western": null, "name": "SDN 1 Klasuue", "toilets_disposal": null, "health_facility_type": null, "isced_level": null, "opening_hours": null, "military": null, "toilets_handwashing": null, "building": null, "status": null, "access": null, "landuse": null, "denomination": null, "health_facility_bed": null, "capacity": null, "staff_count_doctors": null, "religion": null, "amenity": "school"}},{"type": "Feature", "geometry": {"type":"Polygon","coordinates":[[[131.279302,-0.8866505],[131.2795068,-0.8870298],[131.2794384,-0.8870694],[131.2794914,-0.8871633],[131.2796731,-0.8870654],[131.2794237,-0.8865847],[131.279302,-0.8866505]],[[131.2793173,-0.88665],[131.2794129,-0.8865993],[131.279517,-0.8867908],[131.2796125,-0.8869663],[131.2795174,-0.8870181],[131.2794218,-0.8868426],[131.2793173,-0.88665]],[[131.2794611,-0.8870793],[131.2796019,-0.8869988],[131.2796366,-0.8870596],[131.2794958,-0.88714],[131.2794611,-0.8870793]]]}, "properties": {"osm_id": 7626224, "osm_type": "relations", "operator": null, "operator_type": null, "staff_count_nurses": null, "health_facility_level": null, "medical_system_western": null, "name": "SD Impres 49", "toilets_disposal": null, "health_facility_type": null, "isced_level": null, "opening_hours": null, "military": null, "toilets_handwashing": null, "building": null, "status": null, "access": null, "landuse": null, "denomination": null, "health_facility_bed": null, "capacity": null, "staff_count_doctors": null, "religion": null, "amenity": "school"}},{"type": "Feature", "geometry": {"type":"Polygon","coordinates":[[[131.3057198,-0.8905381],[131.3058855,-0.8905424],[131.305889,-0.8904085],[131.3057233,-0.8904042],[131.3057198,-0.8905381]],[[131.3057379,-0.8904221],[131.3058049,-0.8904213],[131.3058063,-0.8905259],[131.3057393,-0.8905267],[131.3057379,-0.8904221]],[[131.3058164,-0.8905333],[131.3058164,-0.8904367],[131.3058526,-0.8904367],[131.3058526,-0.8905333],[131.3058164,-0.8905333]]]}, "properties": {"osm_id": 7625761, "osm_type": "relations", "operator": null, "operator_type": null, "staff_count_nurses": null, "health_facility_level": null, "medical_system_western": null, "name": "SD Kausar", "toilets_disposal": null, "health_facility_type": null, "isced_level": null, "opening_hours": null, "military": null, "toilets_handwashing": null, "building": "yes", "status": null, "access": null, "landuse": null, "denomination": null, "health_facility_bed": null, "capacity": null, "staff_count_doctors": null, "religion": null, "amenity": "school"}},{"type": "Feature", "geometry": {"type":"Polygon","coordinates":[[[131.2963159,-0.8766954],[131.2964782,-0.8768617],[131.2966968,-0.8768161],[131.2968189,-0.8767155],[131.2964688,-0.8764165],[131.2963964,-0.8764688],[131.2963159,-0.8766954]],[[131.2963459,-0.8766956],[131.2963861,-0.8766326],[131.2965077,-0.8767102],[131.2964675,-0.8767732],[131.2963459,-0.8766956]],[[131.2963937,-0.876552],[131.2964568,-0.8764748],[131.296552,-0.8765525],[131.2964889,-0.8766298],[131.2963937,-0.876552]],[[131.2965049,-0.8767954],[131.2965505,-0.8767377],[131.2966056,-0.8767813],[131.29656,-0.8768389],[131.2965049,-0.8767954]],[[131.2965238,-0.8766418],[131.296572,-0.8765654],[131.2966679,-0.8766259],[131.2966196,-0.8767023],[131.2965238,-0.8766418]],[[131.2966351,-0.8767387],[131.2967141,-0.8766704],[131.296767,-0.8767317],[131.2966879,-0.8768],[131.2966351,-0.8767387]]]}, "properties": {"osm_id": 7628654, "osm_type": "relations", "operator": null, "operator_type": null, "staff_count_nurses": null, "health_facility_level": null, "medical_system_western": null, "name": "TK Lembaga Dakwa Islam", "toilets_disposal": null, "health_facility_type": null, "isced_level": null, "opening_hours": null, "military": null, "toilets_handwashing": null, "building": null, "status": null, "access": null, "landuse": null, "denomination": null, "health_facility_bed": null, "capacity": null, "staff_count_doctors": null, "religion": null, "amenity": "school"}},{"type": "Feature", "geometry": {"type":"Polygon","coordinates":[[[131.2729834,-0.8784896],[131.2730377,-0.8789187],[131.2731758,-0.8789234],[131.2732302,-0.8790568],[131.2735353,-0.8789972],[131.2735849,-0.8789335],[131.2736754,-0.8788631],[131.2735809,-0.878625],[131.2734709,-0.878432],[131.2734065,-0.8784152],[131.273206,-0.878448],[131.2729834,-0.8784896]],[[131.2730183,-0.8784991],[131.2731243,-0.8784847],[131.273178,-0.8788816],[131.2730719,-0.878896],[131.2730309,-0.8787055],[131.2730183,-0.8784991]],[[131.2731477,-0.8784949],[131.2732929,-0.8784512],[131.273432,-0.8784359],[131.2734558,-0.8785501],[131.2731714,-0.8786091],[131.2731477,-0.8784949]],[[131.2731578,-0.8786458],[131.2733348,-0.8786095],[131.2733588,-0.8786521],[131.2733543,-0.8787049],[131.2731772,-0.8787411],[131.2731578,-0.8786458]],[[131.2731838,-0.8787852],[131.2732333,-0.8787656],[131.2732788,-0.8787684],[131.2733222,-0.8790138],[131.2732272,-0.8790306],[131.2731838,-0.8787852]],[[131.2733193,-0.8789026],[131.2734038,-0.878875],[131.2734823,-0.8788758],[131.2734999,-0.8789828],[131.2733369,-0.8790096],[131.2733193,-0.8789026]],[[131.2734776,-0.8787096],[131.2735918,-0.8786808],[131.2736387,-0.8788672],[131.2735246,-0.8788959],[131.2734787,-0.8788119],[131.2734776,-0.8787096]]]}, "properties": {"osm_id": 7625729, "osm_type": "relations", "operator": null, "operator_type": null, "staff_count_nurses": null, "health_facility_level": null, "medical_system_western": null, "name": "SMP/ SMA ABT Sorong", "toilets_disposal": null, "health_facility_type": null, "isced_level": null, "opening_hours": null, "military": null, "toilets_handwashing": null, "building": null, "status": null, "access": null, "landuse": null, "denomination": null, "health_facility_bed": null, "capacity": null, "staff_count_doctors": null, "religion": null, "amenity": "school"}},{"type": "Feature", "geometry": {"type":"Polygon","coordinates":[[[131.303612,-0.8910614],[131.3042902,-0.8912298],[131.3043371,-0.8906253],[131.3037018,-0.89052],[131.303612,-0.8910614]],[[131.3036665,-0.8910395],[131.303688,-0.8908411],[131.3037721,-0.8908501],[131.3037507,-0.8910486],[131.3036665,-0.8910395]],[[131.3037121,-0.8907847],[131.3037336,-0.8906748],[131.3037939,-0.8906865],[131.3037724,-0.8907965],[131.3037121,-0.8907847]],[[131.3037872,-0.8910449],[131.3038033,-0.8909832],[131.3040359,-0.8910439],[131.3040198,-0.8911055],[131.3037872,-0.8910449]],[[131.3038194,-0.8908276],[131.3038355,-0.8907552],[131.3040837,-0.8908104],[131.3040676,-0.8908828],[131.3038194,-0.8908276]],[[131.3039039,-0.8906815],[131.3039052,-0.8906359],[131.3040271,-0.8906395],[131.3040258,-0.8906851],[131.3039039,-0.8906815]],[[131.3041359,-0.8911146],[131.3041654,-0.8908732],[131.3042694,-0.8908859],[131.3042399,-0.8911273],[131.3041359,-0.8911146]],[[131.304207,-0.8908571],[131.304207,-0.890774],[131.3042741,-0.890774],[131.3042741,-0.8908571],[131.304207,-0.8908571]]]}, "properties": {"osm_id": 7625762, "osm_type": "relations", "operator": null, "operator_type": null, "staff_count_nurses": null, "health_facility_level": null, "medical_system_western": null, "name": "SD N 27", "toilets_disposal": null, "health_facility_type": null, "isced_level": null, "opening_hours": null, "military": null, "toilets_handwashing": null, "building": null, "status": null, "access": null, "landuse": null, "denomination": null, "health_facility_bed": null, "capacity": null, "staff_count_doctors": null, "religion": null, "amenity": "school"}},{"type": "Feature", "geometry": {"type":"Polygon","coordinates":[[[131.3081128,-0.8988478],[131.3088136,-0.8996697],[131.3092183,-0.8993247],[131.3085175,-0.8985028],[131.3081128,-0.8988478]],[[131.3082731,-0.8988034],[131.3083128,-0.8987718],[131.3082776,-0.8987275],[131.3084736,-0.8985711],[131.3085096,-0.8986163],[131.3085449,-0.8985882],[131.3087483,-0.8988432],[131.3084771,-0.8990594],[131.3082731,-0.8988034]],[[131.3086283,-0.8989655],[131.3087598,-0.8988578],[131.3091056,-0.8992802],[131.3089726,-0.8993891],[131.3088243,-0.899208],[131.308794,-0.8992328],[131.3087263,-0.8991501],[131.3087581,-0.8991241],[131.3086283,-0.8989655]],[[131.3086643,-0.8992075],[131.3087121,-0.8991642],[131.3087995,-0.8992604],[131.3087517,-0.8993037],[131.3086643,-0.8992075]]]}, "properties": {"osm_id": 7628749, "osm_type": "relations", "operator": null, "operator_type": null, "staff_count_nurses": null, "health_facility_level": null, "medical_system_western": null, "name": "STKIS", "toilets_disposal": null, "health_facility_type": null, "isced_level": null, "opening_hours": null, "military": null, "toilets_handwashing": null, "building": null, "status": null, "access": null, "landuse": null, "denomination": null, "health_facility_bed": null, "capacity": null, "staff_count_doctors": null, "religion": null, "amenity": "university"}},{"type": "Feature", "geometry": {"type":"Polygon","coordinates":[[[131.3211698,-0.9028044],[131.3215002,-0.9032916],[131.322191,-0.9028234],[131.3218607,-0.9023361],[131.3211698,-0.9028044]],[[131.321418,-0.9031184],[131.3215979,-0.9029865],[131.3215523,-0.9029244],[131.3217041,-0.9028132],[131.3217523,-0.902879],[131.3217937,-0.9028486],[131.3218885,-0.9029779],[131.3215156,-0.9032514],[131.321418,-0.9031184]],[[131.3218218,-0.9028451],[131.3218756,-0.9028071],[131.3218329,-0.9027467],[131.3219659,-0.9026525],[131.3220079,-0.9027119],[131.3220353,-0.9026925],[131.322115,-0.9028051],[131.3219008,-0.9029567],[131.3218218,-0.9028451]]]}, "properties": {"osm_id": 7628757, "osm_type": "relations", "operator": null, "operator_type": null, "staff_count_nurses": null, "health_facility_level": null, "medical_system_western": null, "name": "Rumah Sakit Sele Be Solu", "toilets_disposal": null, "health_facility_type": null, "isced_level": null, "opening_hours": null, "military": null, "toilets_handwashing": null, "building": null, "status": null, "access": null, "landuse": null, "denomination": null, "health_facility_bed": null, "capacity": null, "staff_count_doctors": null, "religion": null, "amenity": "hospital"}},{"type": "Feature", "geometry": {"type":"Polygon","coordinates":[[[131.2711732,-0.8855206],[131.2717748,-0.8858549],[131.2718511,-0.8857593],[131.2719893,-0.8857144],[131.2721254,-0.8856151],[131.2722568,-0.8854878],[131.272346,-0.8853644],[131.2723721,-0.8852122],[131.2719437,-0.8849279],[131.2716949,-0.8847777],[131.2711732,-0.8855206]],[[131.2712161,-0.8854699],[131.2712856,-0.8853767],[131.2716061,-0.8856154],[131.2715366,-0.8857086],[131.2712161,-0.8854699]],[[131.2713312,-0.885366],[131.2716155,-0.8849637],[131.2717035,-0.8850259],[131.2714192,-0.8854282],[131.2713312,-0.885366]],[[131.2715986,-0.885696],[131.2716523,-0.8856263],[131.2718247,-0.8857589],[131.271771,-0.8858286],[131.2715986,-0.885696]],[[131.2716158,-0.884926],[131.2716694,-0.8848509],[131.2717335,-0.8848967],[131.2716798,-0.8849717],[131.2716158,-0.884926]],[[131.2717207,-0.8848679],[131.2717569,-0.8848249],[131.2718005,-0.8848618],[131.2717643,-0.8849047],[131.2717207,-0.8848679]],[[131.2717244,-0.8850082],[131.2717737,-0.8849369],[131.2722082,-0.8852373],[131.2721589,-0.8853086],[131.2717244,-0.8850082]],[[131.2717766,-0.8849173],[131.271818,-0.8848578],[131.2719588,-0.8849557],[131.2719174,-0.8850152],[131.2717766,-0.8849173]],[[131.2718799,-0.8856703],[131.2719738,-0.8855349],[131.2720339,-0.8855765],[131.27194,-0.8857119],[131.2718799,-0.8856703]],[[131.2719742,-0.8850642],[131.2720265,-0.8849891],[131.2721479,-0.8850737],[131.2720956,-0.8851487],[131.2719742,-0.8850642]],[[131.2720554,-0.8855473],[131.2721412,-0.8854293],[131.2722109,-0.88548],[131.2721251,-0.885598],[131.2720554,-0.8855473]],[[131.2721653,-0.8853982],[131.2722391,-0.8852828],[131.2723332,-0.885343],[131.2722594,-0.8854583],[131.2721653,-0.8853982]]]}, "properties": {"osm_id": 7626165, "osm_type": "relations", "operator": null, "operator_type": "government", "staff_count_nurses": null, "health_facility_level": null, "medical_system_western": null, "name": "SMP N 9 Kota Sorong", "toilets_disposal": null, "health_facility_type": null, "isced_level": null, "opening_hours": null, "military": null, "toilets_handwashing": null, "building": null, "status": null, "access": null, "landuse": null, "denomination": null, "health_facility_bed": null, "capacity": null, "staff_count_doctors": null, "religion": null, "amenity": "school"}},{"type": "Feature", "geometry": {"type":"Polygon","coordinates":[[[131.3255829,-0.8791882],[131.3257525,-0.8794596],[131.3259783,-0.8793185],[131.3259986,-0.879351],[131.3261588,-0.8792509],[131.3259174,-0.8788647],[131.3258206,-0.8789252],[131.3258721,-0.8790075],[131.3255829,-0.8791882]],[[131.325664,-0.8792164],[131.325786,-0.8791386],[131.3258441,-0.8792297],[131.325722,-0.8793075],[131.325664,-0.8792164]],[[131.3257109,-0.8793244],[131.3258799,-0.8792057],[131.3259445,-0.8792976],[131.3257755,-0.8794163],[131.3257109,-0.8793244]],[[131.325841,-0.8791078],[131.325953,-0.879036],[131.3260086,-0.8791228],[131.3258966,-0.8791945],[131.325841,-0.8791078]],[[131.3259208,-0.8791896],[131.3260053,-0.8791396],[131.3260858,-0.8792757],[131.3260013,-0.8793257],[131.3259208,-0.8791896]]]}, "properties": {"osm_id": 7626178, "osm_type": "relations", "operator": null, "operator_type": null, "staff_count_nurses": null, "health_facility_level": null, "medical_system_western": null, "name": "Puskesmas Pembantu", "toilets_disposal": null, "health_facility_type": null, "isced_level": null, "opening_hours": null, "military": null, "toilets_handwashing": null, "building": null, "status": null, "access": null, "landuse": null, "denomination": null, "health_facility_bed": null, "capacity": null, "staff_count_doctors": null, "religion": null, "amenity": "clinic"}},{"type": "Feature", "geometry": {"type":"Polygon","coordinates":[[[131.3329543,-0.8959979],[131.3329694,-0.8960223],[131.3331612,-0.8963338],[131.3336928,-0.8960065],[131.3334859,-0.8956706],[131.3329543,-0.8959979]],[[131.3330155,-0.8960201],[131.3333686,-0.8958098],[131.333432,-0.8959163],[131.333171,-0.8960718],[131.3332413,-0.8961898],[131.3331493,-0.8962446],[131.3330155,-0.8960201]],[[131.3333835,-0.8957968],[131.3334863,-0.8957266],[131.3336566,-0.8959757],[131.3335538,-0.896046],[131.3333835,-0.8957968]]]}, "properties": {"osm_id": 7628615, "osm_type": "relations", "operator": null, "operator_type": null, "staff_count_nurses": null, "health_facility_level": null, "medical_system_western": null, "name": "SMA AVEROS", "toilets_disposal": null, "health_facility_type": null, "isced_level": null, "opening_hours": null, "military": null, "toilets_handwashing": null, "building": null, "status": null, "access": null, "landuse": null, "denomination": null, "health_facility_bed": null, "capacity": null, "staff_count_doctors": null, "religion": null, "amenity": "school"}},{"type": "Feature", "geometry": {"type":"Polygon","coordinates":[[[131.3344882,-0.9032902],[131.3346904,-0.9035652],[131.3348814,-0.9034248],[131.3346792,-0.9031498],[131.3344882,-0.9032902]],[[131.3345186,-0.9032917],[131.334638,-0.9032059],[131.3346774,-0.9032606],[131.334558,-0.9033465],[131.3345186,-0.9032917]],[[131.3346648,-0.9034425],[131.3347922,-0.9033554],[131.3348436,-0.9034304],[131.3347162,-0.9035176],[131.3346648,-0.9034425]]]}, "properties": {"osm_id": 7628635, "osm_type": "relations", "operator": null, "operator_type": null, "staff_count_nurses": null, "health_facility_level": null, "medical_system_western": null, "name": "SD YPK Klasaman", "toilets_disposal": null, "health_facility_type": null, "isced_level": null, "opening_hours": null, "military": null, "toilets_handwashing": null, "building": null, "status": null, "access": null, "landuse": null, "denomination": null, "health_facility_bed": null, "capacity": null, "staff_count_doctors": null, "religion": null, "amenity": "school"}}]}